File ID ,Rep ID,Spp,Orig Temp,Treatment ,,Timepoint,Cell count,Dilution ,Actual Cell count,Cell
PcB_Recip_T0_030222,R1,PcB,23c,Control,,T0,2179,1,2179,A01
PcB_Recip_T0_030222,R2,PcB,23c,Control,,T0 ,2108,1,2108,A02
PcB_Recip_T0_030222,R3,PcB,23c,Control,,T0,2067,1,2067,A03
PcB_Recip_T0_030222,R4,PcB,23c,Control,,T0,2125,1,2125,A04
PcB_Recip_T0_030222,R5,PcB,23c,Control,,T0,2015,1,2015,A05
PcB_Recip_T0_030222,R6,PcB,23c,Control,,T0,2102,1,2102,A06
PcB_Recip_T0_030222,R1,PcB,29c,Control,,T0,2137,1,2137,A07
PcB_Recip_T0_030222,R2,PcB,29c,Control,,T0,1939,1,1939,A08
PcB_Recip_T0_030222,R3,PcB,29c,Control,,T0,1961,1,1961,A09
PcB_Recip_T0_030222,R4,PcB,29c,Control,,T0,2107,1,2107,A10
PcB_Recip_T0_030222,R5,PcB,29c,Control,,T0,2067,1,2067,A11
PcB_Recip_T0_030222,R6,PcB,29c,Control,,T0,1992,1,1992,A12
PcB_Recip_T0_030222,R1,PcB,23c,recip,29,T0,1965,1,1965,B01
PcB_Recip_T0_030222,R2,PcB,23c,recip,29,T0,1894,1,1894,B02
PcB_Recip_T0_030222,R3,PcB,23c,recip,29,T0,2057,1,2057,B03
PcB_Recip_T0_030222,R4,PcB,23c,recip,29,T0,2081,1,2081,B04
PcB_Recip_T0_030222,R5,PcB,23c,recip,29,T0,2162,1,2162,B05
PcB_Recip_T0_030222,R6,PcB,23c,recip,29,T0,2112,1,2112,B06
PcB_Recip_T0_030222,R1,PcB,29c,recip,23,T0,1954,1,1954,B07
PcB_Recip_T0_030222,R2,PcB,29c,recip,23,T0,2004,1,2004,B08
PcB_Recip_T0_030222,R3,PcB,29c,recip,23,T0,1999,1,1999,B09
PcB_Recip_T0_030222,R4,PcB,29c,recip,23,T0,2092,1,2092,B10
PcB_Recip_T0_030222,R5,PcB,29c,recip,23,T0,2098,1,2098,B11
PcB_Recip_T0_030222,R6,PcB,29c,recip,23,T0,2022,1,2022,B12
PcB_Recip_T1_040222,R1,PcB,23c,Control,,#REF!,2989,1,2989,A01
PcB_Recip_T1_040222,R2,PcB,23c,Control,,#REF!,2810,1,2810,A02
PcB_Recip_T1_040222,R3,PcB,23c,Control,,#REF!,2885,1,2885,A03
PcB_Recip_T1_040222,R4,PcB,23c,Control,,#REF!,3030,1,3030,A04
PcB_Recip_T1_040222,R5,PcB,23c,Control,,#REF!,2884,1,2884,A05
PcB_Recip_T1_040222,R6,PcB,23c,Control,,#REF!,2974,1,2974,A06
PcB_Recip_T1_040222,R1,PcB,29c,Control,,#REF!,2937,1,2937,A07
PcB_Recip_T1_040222,R2,PcB,29c,Control,,#REF!,2630,1,2630,A08
PcB_Recip_T1_040222,R3,PcB,29c,Control,,#REF!,2133,1,2133,A09
PcB_Recip_T1_040222,R4,PcB,29c,Control,,#REF!,2782,1,2782,A10
PcB_Recip_T1_040222,R5,PcB,29c,Control,,#REF!,2444,1,2444,A11
PcB_Recip_T1_040222,R6,PcB,29c,Control,,#REF!,1942,1,1942,A12
PcB_Recip_T1_040222,R1,PcB,23c,recip,29,#REF!,2939,1,2939,B01
PcB_Recip_T1_040222,R2,PcB,23c,recip,29,#REF!,2969,1,2969,B02
PcB_Recip_T1_040222,R3,PcB,23c,recip,29,#REF!,3022,1,3022,B03
PcB_Recip_T1_040222,R4,PcB,23c,recip,29,#REF!,2788,1,2788,B04
PcB_Recip_T1_040222,R5,PcB,23c,recip,29,#REF!,2897,1,2897,B05
PcB_Recip_T1_040222,R6,PcB,23c,recip,29,#REF!,3228,1,3228,B06
PcB_Recip_T1_040222,R1,PcB,29c,recip,23,#REF!,2735,1,2735,B07
PcB_Recip_T1_040222,R2,PcB,29c,recip,23,#REF!,2700,1,2700,B08
PcB_Recip_T1_040222,R3,PcB,29c,recip,23,#REF!,2664,1,2664,B09
PcB_Recip_T1_040222,R4,PcB,29c,recip,23,#REF!,2845,1,2845,B10
PcB_Recip_T1_040222,R5,PcB,29c,recip,23,#REF!,2902,1,2902,B11
PcB_Recip_T1_040222,R6,PcB,29c,recip,23,#REF!,2757,1,2757,B12
PcB_Recip_T2_050222,R1,PcB,23c,Control,,T2,6326,1,6326,A01
PcB_Recip_T2_050222,R2,PcB,23c,Control,,T2,5795,1,5795,A02
PcB_Recip_T2_050222,R3,PcB,23c,Control,,T2,6483,1,6483,A03
PcB_Recip_T2_050222,R4,PcB,23c,Control,,T2,6178,1,6178,A04
PcB_Recip_T2_050222,R5,PcB,23c,Control,,T2,6513,1,6513,A05
PcB_Recip_T2_050222,R6,PcB,23c,Control,,T2,6263,1,6263,A06
PcB_Recip_T2_050222,R1,PcB,29c,Control,,T2,5460,1,5460,A07
PcB_Recip_T2_050222,R2,PcB,29c,Control,,T2,4487,1,4487,A08
PcB_Recip_T2_050222,R3,PcB,29c,Control,,T2,3898,1,3898,A09
PcB_Recip_T2_050222,R4,PcB,29c,Control,,T2,4901,1,4901,A10
PcB_Recip_T2_050222,R5,PcB,29c,Control,,T2,4010,1,4010,A11
PcB_Recip_T2_050222,R6,PcB,29c,Control,,T2,2780,1,2780,A12
PcB_Recip_T2_050222,R1,PcB,23c,recip,29,T2,6239,1,6239,B01
PcB_Recip_T2_050222,R2,PcB,23c,recip,29,T2,6120,1,6120,B02
PcB_Recip_T2_050222,R3,PcB,23c,recip,29,T2,5964,1,5964,B03
PcB_Recip_T2_050222,R4,PcB,23c,recip,29,T2,6038,1,6038,B04
PcB_Recip_T2_050222,R5,PcB,23c,recip,29,T2,6078,1,6078,B05
PcB_Recip_T2_050222,R6,PcB,23c,recip,29,T2,6673,1,6673,B06
PcB_Recip_T2_050222,R1,PcB,29c,recip,23,T2,5322,1,5322,B07
PcB_Recip_T2_050222,R2,PcB,29c,recip,23,T2,4574,1,4574,B08
PcB_Recip_T2_050222,R3,PcB,29c,recip,23,T2,5150,1,5150,B09
PcB_Recip_T2_050222,R4,PcB,29c,recip,23,T2,5307,1,5307,B10
PcB_Recip_T2_050222,R5,PcB,29c,recip,23,T2,5507,1,5507,B11
PcB_Recip_T2_050222,R6,PcB,29c,recip,23,T2,4967,1,4967,B12
PcB_Recip_T3_060222,R1,PcB,23c,Control,,T3,10514,1,10514,A01
PcB_Recip_T3_060222,R2,PcB,23c,Control,,T3,9460,1,9460,A02
PcB_Recip_T3_060222,R3,PcB,23c,Control,,T3,10375,1,10375,A03
PcB_Recip_T3_060222,R4,PcB,23c,Control,,T3,10427,1,10427,A04
PcB_Recip_T3_060222,R5,PcB,23c,Control,,T3,10523,1,10523,A05
PcB_Recip_T3_060222,R6,PcB,23c,Control,,T3,10537,1,10537,A06
PcB_Recip_T3_060222,R1,PcB,29c,Control,,T3,8110,1,8110,A07
PcB_Recip_T3_060222,R2,PcB,29c,Control,,T3,7103,1,7103,A08
PcB_Recip_T3_060222,R3,PcB,29c,Control,,T3,5387,1,5387,A09
PcB_Recip_T3_060222,R4,PcB,29c,Control,,T3,7049,1,7049,A10
PcB_Recip_T3_060222,R5,PcB,29c,Control,,T3,5585,1,5585,A11
PcB_Recip_T3_060222,R6,PcB,29c,Control,,T3,3383,1,3383,A12
PcB_Recip_T3_060222,R1,PcB,23c,recip,29,T3,9806,1,9806,B01
PcB_Recip_T3_060222,R2,PcB,23c,recip,29,T3,10132,1,10132,B02
PcB_Recip_T3_060222,R3,PcB,23c,recip,29,T3,9741,1,9741,B03
PcB_Recip_T3_060222,R4,PcB,23c,recip,29,T3,9480,1,9480,B04
PcB_Recip_T3_060222,R5,PcB,23c,recip,29,T3,9943,1,9943,B05
PcB_Recip_T3_060222,R6,PcB,23c,recip,29,T3,10583,1,10583,B06
PcB_Recip_T3_060222,R1,PcB,29c,recip,23,T3,7393,1,7393,B07
PcB_Recip_T3_060222,R2,PcB,29c,recip,23,T3,6282,1,6282,B08
PcB_Recip_T3_060222,R3,PcB,29c,recip,23,T3,7411,1,7411,B09
PcB_Recip_T3_060222,R4,PcB,29c,recip,23,T3,7463,1,7463,B10
PcB_Recip_T3_060222,R5,PcB,29c,recip,23,T3,7775,1,7775,B11
PcB_Recip_T3_060222,R6,PcB,29c,recip,23,T3,6983,1,6983,B12
PcB_Recip_T4_070222,R1,PcB,23c,Control,,T4,19890,1,19890,A01
PcB_Recip_T4_070222,R2,PcB,23c,Control,,T4,17447,1,17447,A02
PcB_Recip_T4_070222,R3,PcB,23c,Control,,T4,18835,1,18835,A03
PcB_Recip_T4_070222,R4,PcB,23c,Control,,T4,18158,1,18158,A04
PcB_Recip_T4_070222,R5,PcB,23c,Control,,T4,19622,1,19622,A05
PcB_Recip_T4_070222,R6,PcB,23c,Control,,T4,18836,1,18836,A06
PcB_Recip_T4_070222,R1,PcB,29c,Control,,T4,12866,1,12866,A07
PcB_Recip_T4_070222,R2,PcB,29c,Control,,T4,10661,1,10661,A08
PcB_Recip_T4_070222,R3,PcB,29c,Control,,T4,7922,1,7922,A09
PcB_Recip_T4_070222,R4,PcB,29c,Control,,T4,11340,1,11340,A10
PcB_Recip_T4_070222,R5,PcB,29c,Control,,T4,8719,1,8719,A11
PcB_Recip_T4_070222,R6,PcB,29c,Control,,T4,4768,1,4768,A12
PcB_Recip_T4_070222,R1,PcB,23c,recip,29,T4,18036,1,18036,B01
PcB_Recip_T4_070222,R2,PcB,23c,recip,29,T4,17170,1,17170,B02
PcB_Recip_T4_070222,R3,PcB,23c,recip,29,T4,17336,1,17336,B03
PcB_Recip_T4_070222,R4,PcB,23c,recip,29,T4,17274,1,17274,B04
PcB_Recip_T4_070222,R5,PcB,23c,recip,29,T4,18068,1,18068,B05
PcB_Recip_T4_070222,R6,PcB,23c,recip,29,T4,18243,1,18243,B06
PcB_Recip_T4_070222,R1,PcB,29c,recip,23,T4,10938,1,10938,B07
PcB_Recip_T4_070222,R2,PcB,29c,recip,23,T4,8831,1,8831,B08
PcB_Recip_T4_070222,R3,PcB,29c,recip,23,T4,11251,1,11251,B09
PcB_Recip_T4_070222,R4,PcB,29c,recip,23,T4,11793,1,11793,B10
PcB_Recip_T4_070222,R5,PcB,29c,recip,23,T4,12288,1,12288,B11
PcB_Recip_T4_070222,R6,PcB,29c,recip,23,T4,11094,1,11094,B12
PcB_Recip_T5_080222,R1,PcB,23c,Control,,T5,32268,1,32268,A01
PcB_Recip_T5_080222,R2,PcB,23c,Control,,T5,31704,1,31704,A02
PcB_Recip_T5_080222,R3,PcB,23c,Control,,T5,31320,1,31320,A03
PcB_Recip_T5_080222,R4,PcB,23c,Control,,T5,33597,1,33597,A04
PcB_Recip_T5_080222,R5,PcB,23c,Control,,T5,35076,1,35076,A05
PcB_Recip_T5_080222,R6,PcB,23c,Control,,T5,34407,1,34407,A06
PcB_Recip_T5_080222,R1,PcB,29c,Control,,T5,17836,1,17836,A07
PcB_Recip_T5_080222,R2,PcB,29c,Control,,T5,17240,1,17240,A08
PcB_Recip_T5_080222,R3,PcB,29c,Control,,T5,12748,1,12748,A09
PcB_Recip_T5_080222,R4,PcB,29c,Control,,T5,16435,1,16435,A10
PcB_Recip_T5_080222,R5,PcB,29c,Control,,T5,12894,1,12894,A11
PcB_Recip_T5_080222,R6,PcB,29c,Control,,T5,7384,1,7384,A12
PcB_Recip_T5_080222,R1,PcB,23c,recip,29,T5,31051,1,31051,B01
PcB_Recip_T5_080222,R2,PcB,23c,recip,29,T5,30770,1,30770,B02
PcB_Recip_T5_080222,R3,PcB,23c,recip,29,T5,32437,1,32437,B03
PcB_Recip_T5_080222,R4,PcB,23c,recip,29,T5,29192,1,29192,B04
PcB_Recip_T5_080222,R5,PcB,23c,recip,29,T5,27457,1,27457,B05
PcB_Recip_T5_080222,R6,PcB,23c,recip,29,T5,30390,1,30390,B06
PcB_Recip_T5_080222,R1,PcB,29c,recip,23,T5,16785,1,16785,B07
PcB_Recip_T5_080222,R2,PcB,29c,recip,23,T5,12000,1,12000,B08
PcB_Recip_T5_080222,R3,PcB,29c,recip,23,T5,8350,1,8350,B09
PcB_Recip_T5_080222,R4,PcB,29c,recip,23,T5,16433,1,16433,B10
PcB_Recip_T5_080222,R5,PcB,29c,recip,23,T5,15865,1,15865,B11
PcB_Recip_T5_080222,R6,PcB,29c,recip,23,T5,10336,1,10336,B12
PcB_Recip_T6_090222,R1,PcB,23c,Control,,T6,66394,1,66394,A01
PcB_Recip_T6_090222,R2,PcB,23c,Control,,T6,58157,1,58157,A02
PcB_Recip_T6_090222,R3,PcB,23c,Control,,T6,65729,1,65729,A03
PcB_Recip_T6_090222,R4,PcB,23c,Control,,T6,63294,1,63294,A04
PcB_Recip_T6_090222,R5,PcB,23c,Control,,T6,69546,1,69546,A05
PcB_Recip_T6_090222,R6,PcB,23c,Control,,T6,66171,1,66171,A06
PcB_Recip_T6_090222,R1,PcB,29c,Control,,T6,35322,1,35322,A07
PcB_Recip_T6_090222,R2,PcB,29c,Control,,T6,29788,1,29788,A08
PcB_Recip_T6_090222,R3,PcB,29c,Control,,T6,21674,1,21674,A09
PcB_Recip_T6_090222,R4,PcB,29c,Control,,T6,30978,1,30978,A10
PcB_Recip_T6_090222,R5,PcB,29c,Control,,T6,23532,1,23532,A11
PcB_Recip_T6_090222,R6,PcB,29c,Control,,T6,11981,1,11981,A12
PcB_Recip_T6_090222,R1,PcB,23c,recip,29,T6,62790,1,62790,B01
PcB_Recip_T6_090222,R2,PcB,23c,recip,29,T6,61913,1,61913,B02
PcB_Recip_T6_090222,R3,PcB,23c,recip,29,T6,61067,1,61067,B03
PcB_Recip_T6_090222,R4,PcB,23c,recip,29,T6,58334,1,58334,B04
PcB_Recip_T6_090222,R5,PcB,23c,recip,29,T6,61573,1,61573,B05
PcB_Recip_T6_090222,R6,PcB,23c,recip,29,T6,63954,1,63954,B06
PcB_Recip_T6_090222,R1,PcB,29c,recip,23,T6,27564,1,27564,B07
PcB_Recip_T6_090222,R2,PcB,29c,recip,23,T6,21014,1,21014,B08
PcB_Recip_T6_090222,R3,PcB,29c,recip,23,T6,29278,1,29278,B09
PcB_Recip_T6_090222,R4,PcB,29c,recip,23,T6,28425,1,28425,B10
PcB_Recip_T6_090222,R5,PcB,29c,recip,23,T6,30004,1,30004,B11
PcB_Recip_T6_090222,R6,PcB,29c,recip,23,T6,29217,1,29217,B12
PcB_Recip_T7_100222,R1,PcB,23c,Control,,T7,123562,1,123562,A01
PcB_Recip_T7_100222,R2,PcB,23c,Control,,T7,106124,1,106124,A02
PcB_Recip_T7_100222,R3,PcB,23c,Control,,T7,118100,1,118100,A03
PcB_Recip_T7_100222,R4,PcB,23c,Control,,T7,117599,1,117599,A04
PcB_Recip_T7_100222,R5,PcB,23c,Control,,T7,128262,1,128262,A05
PcB_Recip_T7_100222,R6,PcB,23c,Control,,T7,124703,1,124703,A06
PcB_Recip_T7_100222,R1,PcB,29c,Control,,T7,58668,1,58668,A07
PcB_Recip_T7_100222,R2,PcB,29c,Control,,T7,49210,1,49210,A08
PcB_Recip_T7_100222,R3,PcB,29c,Control,,T7,35938,1,35938,A09
PcB_Recip_T7_100222,R4,PcB,29c,Control,,T7,51868,1,51868,A10
PcB_Recip_T7_100222,R5,PcB,29c,Control,,T7,39178,1,39178,A11
PcB_Recip_T7_100222,R6,PcB,29c,Control,,T7,19236,1,19236,A12
PcB_Recip_T7_100222,R1,PcB,23c,recip,29,T7,123760,1,123760,B01
PcB_Recip_T7_100222,R2,PcB,23c,recip,29,T7,117365,1,117365,B02
PcB_Recip_T7_100222,R3,PcB,23c,recip,29,T7,114631,1,114631,B03
PcB_Recip_T7_100222,R4,PcB,23c,recip,29,T7,111215,1,111215,B04
PcB_Recip_T7_100222,R5,PcB,23c,recip,29,T7,120061,1,120061,B05
PcB_Recip_T7_100222,R6,PcB,23c,recip,29,T7,120085,1,120085,B06
PcB_Recip_T7_100222,R1,PcB,29c,recip,23,T7,44607,1,44607,B07
PcB_Recip_T7_100222,R2,PcB,29c,recip,23,T7,33776,1,33776,B08
PcB_Recip_T7_100222,R3,PcB,29c,recip,23,T7,47754,1,47754,B09
PcB_Recip_T7_100222,R4,PcB,29c,recip,23,T7,48148,1,48148,B10
PcB_Recip_T7_100222,R5,PcB,29c,recip,23,T7,50210,1,50210,B11
PcB_Recip_T7_100222,R6,PcB,29c,recip,23,T7,49877,1,49877,B12
PcB_Recip_T8_110222,R1,PcB,23c,Control,,T8,28344,10,283440,A01
PcB_Recip_T8_110222,R2,PcB,23c,Control,,T8,23183,10,231830,A02
PcB_Recip_T8_110222,R3,PcB,23c,Control,,T8,27447,10,274470,A03
PcB_Recip_T8_110222,R4,PcB,23c,Control,,T8,26858,10,268580,A04
PcB_Recip_T8_110222,R5,PcB,23c,Control,,T8,29819,10,298190,A05
PcB_Recip_T8_110222,R6,PcB,23c,Control,,T8,27945,10,279450,A06
PcB_Recip_T8_110222,R1,PcB,29c,Control,,T8,109430,1,109430,A07
PcB_Recip_T8_110222,R2,PcB,29c,Control,,T8,95043,1,95043,A08
PcB_Recip_T8_110222,R3,PcB,29c,Control,,T8,65627,1,65627,A09
PcB_Recip_T8_110222,R4,PcB,29c,Control,,T8,97438,1,97438,A10
PcB_Recip_T8_110222,R5,PcB,29c,Control,,T8,72181,1,72181,A11
PcB_Recip_T8_110222,R6,PcB,29c,Control,,T8,35998,1,35998,A12
PcB_Recip_T8_110222,R1,PcB,23c,recip,29,T8,28091,10,280910,B01
PcB_Recip_T8_110222,R2,PcB,23c,recip,29,T8,25892,10,258920,B02
PcB_Recip_T8_110222,R3,PcB,23c,recip,29,T8,25184,10,251840,B03
PcB_Recip_T8_110222,R4,PcB,23c,recip,29,T8,24365,10,243650,B04
PcB_Recip_T8_110222,R5,PcB,23c,recip,29,T8,25127,10,251270,B05
PcB_Recip_T8_110222,R6,PcB,23c,recip,29,T8,27023,10,270230,B06
PcB_Recip_T8_110222,R1,PcB,29c,recip,23,T8,72702,1,72702,B07
PcB_Recip_T8_110222,R2,PcB,29c,recip,23,T8,55853,1,55853,B08
PcB_Recip_T8_110222,R3,PcB,29c,recip,23,T8,75653,1,75653,B09
PcB_Recip_T8_110222,R4,PcB,29c,recip,23,T8,80119,1,80119,B10
PcB_Recip_T8_110222,R5,PcB,29c,recip,23,T8,85364,1,85364,B11
PcB_Recip_T8_110222,R6,PcB,29c,recip,23,T8,86537,1,86537,B12
PcB_Recip_T9_120222,R1,PcB,23c,Control,,T9,"47,187",10,471870,A01
PcB_Recip_T9_120222,R2,PcB,23c,Control,,T9,"39,184",10,391840,A02
PcB_Recip_T9_120222,R3,PcB,23c,Control,,T9,"46,303",10,463030,A03
PcB_Recip_T9_120222,R4,PcB,23c,Control,,T9,"43,107",10,431070,A04
PcB_Recip_T9_120222,R5,PcB,23c,Control,,T9,"49,884",10,498840,A05
PcB_Recip_T9_120222,R6,PcB,23c,Control,,T9,"49,407",10,494070,A06
PcB_Recip_T9_120222,R1,PcB,29c,Control,,T9,"154,827",1,154827,A07
PcB_Recip_T9_120222,R2,PcB,29c,Control,,T9,"148,553",1,148553,A08
PcB_Recip_T9_120222,R3,PcB,29c,Control,,T9,"105,935",1,105935,A09
PcB_Recip_T9_120222,R4,PcB,29c,Control,,T9,"149,184",1,149184,A10
PcB_Recip_T9_120222,R5,PcB,29c,Control,,T9,"112,305",1,112305,A11
PcB_Recip_T9_120222,R6,PcB,29c,Control,,T9,"59,036",1,59036,A12
PcB_Recip_T9_120222,R1,PcB,23c,recip,29,T9,"44,456",10,444560,B01
PcB_Recip_T9_120222,R2,PcB,23c,recip,29,T9,"41,460",10,414600,B02
PcB_Recip_T9_120222,R3,PcB,23c,recip,29,T9,"38,140",10,381400,B03
PcB_Recip_T9_120222,R4,PcB,23c,recip,29,T9,"39,867",10,398670,B04
PcB_Recip_T9_120222,R5,PcB,23c,recip,29,T9,"41,127",10,411270,B05
PcB_Recip_T9_120222,R6,PcB,23c,recip,29,T9,"43,911",10,439110,B06
PcB_Recip_T9_120222,R1,PcB,29c,recip,23,T9,"103,819",1,103819,B07
PcB_Recip_T9_120222,R2,PcB,29c,recip,23,T9,"78,757",1,78757,B08
PcB_Recip_T9_120222,R3,PcB,29c,recip,23,T9,"111,238",1,111238,B09
PcB_Recip_T9_120222,R4,PcB,29c,recip,23,T9,"115,745",1,115745,B10
PcB_Recip_T9_120222,R5,PcB,29c,recip,23,T9,"126,671",1,126671,B11
PcB_Recip_T9_120222,R6,PcB,29c,recip,23,T9,"126,064",1,126064,B12
PcB_Recip_T10_130222,R1,PcB,23c,Control,,T10,"83,128",10,831280,A01
PcB_Recip_T10_130222,R2,PcB,23c,Control,,T10,"69,336",10,693360,A02
PcB_Recip_T10_130222,R3,PcB,23c,Control,,T10,"88,988",10,889880,A03
PcB_Recip_T10_130222,R4,PcB,23c,Control,,T10,"82,981",10,829810,A04
PcB_Recip_T10_130222,R5,PcB,23c,Control,,T10,"93,416",10,934160,A05
PcB_Recip_T10_130222,R6,PcB,23c,Control,,T10,"89,810",10,898100,A06
PcB_Recip_T10_130222,R1,PcB,29c,Control,,T10,"30,903",10,309030,A07
PcB_Recip_T10_130222,R2,PcB,29c,Control,,T10,"27,354",10,273540,A08
PcB_Recip_T10_130222,R3,PcB,29c,Control,,T10,"18,896",10,188960,A09
PcB_Recip_T10_130222,R4,PcB,29c,Control,,T10,"28,746",10,287460,A10
PcB_Recip_T10_130222,R5,PcB,29c,Control,,T10,"21,782",10,217820,A11
PcB_Recip_T10_130222,R6,PcB,29c,Control,,T10,"10,748",10,107480,A12
PcB_Recip_T10_130222,R1,PcB,23c,recip,29,T10,"82,923",10,829230,B01
PcB_Recip_T10_130222,R2,PcB,23c,recip,29,T10,"78,022",10,780220,B02
PcB_Recip_T10_130222,R3,PcB,23c,recip,29,T10,"75,255",10,752550,B03
PcB_Recip_T10_130222,R4,PcB,23c,recip,29,T10,"74,051",10,740510,B04
PcB_Recip_T10_130222,R5,PcB,23c,recip,29,T10,"76,223",10,762230,B05
PcB_Recip_T10_130222,R6,PcB,23c,recip,29,T10,"84,669",10,846690,B06
PcB_Recip_T10_130222,R1,PcB,29c,recip,23,T10,"160,396",1,160396,B07
PcB_Recip_T10_130222,R2,PcB,29c,recip,23,T10,"122,900",1,122900,B08
PcB_Recip_T10_130222,R3,PcB,29c,recip,23,T10,"156,163",1,156163,B09
PcB_Recip_T10_130222,R4,PcB,29c,recip,23,T10,"141,893",1,141893,B10
PcB_Recip_T10_130222,R5,PcB,29c,recip,23,T10,"139,048",1,139048,B11
PcB_Recip_T10_130222,R6,PcB,29c,recip,23,T10,"130,342",1,130342,B12
PcB_Recip_T11_140222,R1,PcB,23c,Control,,T11,"136,034",10,1360340,A01
PcB_Recip_T11_140222,R2,PcB,23c,Control,,T11,"113,995",10,1139950,A02
PcB_Recip_T11_140222,R3,PcB,23c,Control,,T11,"140,902",10,1409020,A03
PcB_Recip_T11_140222,R4,PcB,23c,Control,,T11,"125,764",10,1257640,A04
PcB_Recip_T11_140222,R5,PcB,23c,Control,,T11,"143,987",10,1439870,A05
PcB_Recip_T11_140222,R6,PcB,23c,Control,,T11,"136,623",10,1366230,A06
PcB_Recip_T11_140222,R1,PcB,29c,Control,,T11,"45,503",10,455030,A07
PcB_Recip_T11_140222,R2,PcB,29c,Control,,T11,"39,249",10,392490,A08
PcB_Recip_T11_140222,R3,PcB,29c,Control,,T11,"27,389",10,273890,A09
PcB_Recip_T11_140222,R4,PcB,29c,Control,,T11,"44,611",10,446110,A10
PcB_Recip_T11_140222,R5,PcB,29c,Control,,T11,"33,318",10,333180,A11
PcB_Recip_T11_140222,R6,PcB,29c,Control,,T11,"16,340",10,163400,A12
PcB_Recip_T11_140222,R1,PcB,23c,recip,29,T11,"136,616",10,1366160,B01
PcB_Recip_T11_140222,R2,PcB,23c,recip,29,T11,"137,192",10,1371920,B02
PcB_Recip_T11_140222,R3,PcB,23c,recip,29,T11,"132,105",10,1321050,B03
PcB_Recip_T11_140222,R4,PcB,23c,recip,29,T11,"123,843",10,1238430,B04
PcB_Recip_T11_140222,R5,PcB,23c,recip,29,T11,"133,986",10,1339860,B05
PcB_Recip_T11_140222,R6,PcB,23c,recip,29,T11,"140,039",10,1400390,B06
PcB_Recip_T11_140222,R1,PcB,29c,recip,23,T11,"26,869",10,268690,B07
PcB_Recip_T11_140222,R2,PcB,29c,recip,23,T11,"19,963",10,199630,B08
PcB_Recip_T11_140222,R3,PcB,29c,recip,23,T11,"27,551",10,275510,B09
PcB_Recip_T11_140222,R4,PcB,29c,recip,23,T11,"29,522",10,295220,B10
PcB_Recip_T11_140222,R5,PcB,29c,recip,23,T11,"32,923",10,329230,B11
PcB_Recip_T11_140222,R6,PcB,29c,recip,23,T11,"34,915",10,349150,B12
PcB_Recip_T12_150222,R1,PcB,23c,Control,,T12,"28,009",100,2800900,A01
PcB_Recip_T12_150222,R2,PcB,23c,Control,,T12,"24,436",100,2443600,A02
PcB_Recip_T12_150222,R3,PcB,23c,Control,,T12,"29,311",100,2931100,A03
PcB_Recip_T12_150222,R4,PcB,23c,Control,,T12,"26,637",100,2663700,A04
PcB_Recip_T12_150222,R5,PcB,23c,Control,,T12,"28,778",100,2877800,A05
PcB_Recip_T12_150222,R6,PcB,23c,Control,,T12,"28,326",100,2832600,A06
PcB_Recip_T12_150222,R1,PcB,29c,Control,,T12,"74,637",10,746370,A07
PcB_Recip_T12_150222,R2,PcB,29c,Control,,T12,"69,860",10,698600,A08
PcB_Recip_T12_150222,R3,PcB,29c,Control,,T12,"43,993",10,439930,A09
PcB_Recip_T12_150222,R4,PcB,29c,Control,,T12,"73,817",10,738170,A10
PcB_Recip_T12_150222,R5,PcB,29c,Control,,T12,"58,310",10,583100,A11
PcB_Recip_T12_150222,R6,PcB,29c,Control,,T12,"31,246",10,312460,A12
PcB_Recip_T12_150222,R1,PcB,23c,recip,29,T12,"27,660",100,2766000,B01
PcB_Recip_T12_150222,R2,PcB,23c,recip,29,T12,"26,360",100,2636000,B02
PcB_Recip_T12_150222,R3,PcB,23c,recip,29,T12,"25,792",100,2579200,B03
PcB_Recip_T12_150222,R4,PcB,23c,recip,29,T12,"22,241",100,2224100,B04
PcB_Recip_T12_150222,R5,PcB,23c,recip,29,T12,"24,870",100,2487000,B05
PcB_Recip_T12_150222,R6,PcB,23c,recip,29,T12,"28,250",100,2825000,B06
PcB_Recip_T12_150222,R1,PcB,29c,recip,23,T12,"42,152",10,421520,B07
PcB_Recip_T12_150222,R2,PcB,29c,recip,23,T12,"30,510",10,305100,B08
PcB_Recip_T12_150222,R3,PcB,29c,recip,23,T12,"41,377",10,413770,B09
PcB_Recip_T12_150222,R4,PcB,29c,recip,23,T12,"43,583",10,435830,B10
PcB_Recip_T12_150222,R5,PcB,29c,recip,23,T12,"48,351",10,483510,B11
PcB_Recip_T12_150222,R6,PcB,29c,recip,23,T12,"50,857",10,508570,B12
PcB_Recip_T13_160222,R1,PcB,23c,Control,,T13,"32,095",100,3209500,A01
PcB_Recip_T13_160222,R2,PcB,23c,Control,,T13,"29,906",100,2990600,A02
PcB_Recip_T13_160222,R3,PcB,23c,Control,,T13,"33,709",100,3370900,A03
PcB_Recip_T13_160222,R4,PcB,23c,Control,,T13,"32,126",100,3212600,A04
PcB_Recip_T13_160222,R5,PcB,23c,Control,,T13,"33,401",100,3340100,A05
PcB_Recip_T13_160222,R6,PcB,23c,Control,,T13,"33,095",100,3309500,A06
PcB_Recip_T13_160222,R1,PcB,29c,Control,,T13,"101,435",10,1014350,A07
PcB_Recip_T13_160222,R2,PcB,29c,Control,,T13,"90,960",10,909600,A08
PcB_Recip_T13_160222,R3,PcB,29c,Control,,T13,"58,048",10,580480,A09
PcB_Recip_T13_160222,R4,PcB,29c,Control,,T13,"94,389",10,943890,A10
PcB_Recip_T13_160222,R5,PcB,29c,Control,,T13,"78,391",10,783910,A11
PcB_Recip_T13_160222,R6,PcB,29c,Control,,T13,"44,271",10,442710,A12
PcB_Recip_T13_160222,R1,PcB,23c,recip,29,T13,"35,813",100,3581300,B01
PcB_Recip_T13_160222,R2,PcB,23c,recip,29,T13,"33,225",100,3322500,B02
PcB_Recip_T13_160222,R3,PcB,23c,recip,29,T13,"34,631",100,3463100,B03
PcB_Recip_T13_160222,R4,PcB,23c,recip,29,T13,"31,983",100,3198300,B04
PcB_Recip_T13_160222,R5,PcB,23c,recip,29,T13,"34,703",100,3470300,B05
PcB_Recip_T13_160222,R6,PcB,23c,recip,29,T13,"35,716",100,3571600,B06
PcB_Recip_T13_160222,R1,PcB,29c,recip,23,T13,"60,770",10,607700,B07
PcB_Recip_T13_160222,R2,PcB,29c,recip,23,T13,"42,914",10,429140,B08
PcB_Recip_T13_160222,R3,PcB,29c,recip,23,T13,"55,206",10,552060,B09
PcB_Recip_T13_160222,R4,PcB,29c,recip,23,T13,"60,439",10,604390,B10
PcB_Recip_T13_160222,R5,PcB,29c,recip,23,T13,"60,575",10,605750,B11
PcB_Recip_T13_160222,R6,PcB,29c,recip,23,T13,"66,157",10,661570,B12
PcB_Recip_T14_170222,R1,PcB,23c,Control,,T14,"41,946",100,4194600,A01
PcB_Recip_T14_170222,R2,PcB,23c,Control,,T14,"38,778",100,3877800,A02
PcB_Recip_T14_170222,R3,PcB,23c,Control,,T14,"41,750",100,4175000,A03
PcB_Recip_T14_170222,R4,PcB,23c,Control,,T14,"39,440",100,3944000,A04
PcB_Recip_T14_170222,R5,PcB,23c,Control,,T14,"37,594",100,3759400,A05
PcB_Recip_T14_170222,R6,PcB,23c,Control,,T14,"41,325",100,4132500,A06
PcB_Recip_T14_170222,R1,PcB,29c,Control,,T14,"146,662",10,1466620,A07
PcB_Recip_T14_170222,R2,PcB,29c,Control,,T14,"127,244",10,1272440,A08
PcB_Recip_T14_170222,R3,PcB,29c,Control,,T14,"91,622",10,916220,A09
PcB_Recip_T14_170222,R4,PcB,29c,Control,,T14,"145,411",10,1454110,A10
PcB_Recip_T14_170222,R5,PcB,29c,Control,,T14,"129,512",10,1295120,A11
PcB_Recip_T14_170222,R6,PcB,29c,Control,,T14,"100,677",10,1006770,A12
PcB_Recip_T14_170222,R1,PcB,23c,recip,29,T14,"39,206",100,3920600,B01
PcB_Recip_T14_170222,R2,PcB,23c,recip,29,T14,"40,470",100,4047000,B02
PcB_Recip_T14_170222,R3,PcB,23c,recip,29,T14,"43,929",100,4392900,B03
PcB_Recip_T14_170222,R4,PcB,23c,recip,29,T14,"41,265",100,4126500,B04
PcB_Recip_T14_170222,R5,PcB,23c,recip,29,T14,"42,902",100,4290200,B05
PcB_Recip_T14_170222,R6,PcB,23c,recip,29,T14,"44,362",100,4436200,B06
PcB_Recip_T14_170222,R1,PcB,29c,recip,23,T14,"85,216",10,852160,B07
PcB_Recip_T14_170222,R2,PcB,29c,recip,23,T14,"58,213",10,582130,B08
PcB_Recip_T14_170222,R3,PcB,29c,recip,23,T14,"78,868",10,788680,B09
PcB_Recip_T14_170222,R4,PcB,29c,recip,23,T14,"81,053",10,810530,B10
PcB_Recip_T14_170222,R5,PcB,29c,recip,23,T14,"89,324",10,893240,B11
PcB_Recip_T14_170222,R6,PcB,29c,recip,23,T14,"103,113",10,1031130,B12
PcB_Recip_T15_180222,R1,PcB,23c,Control,,T15,54489,100,5448900,A01
PcB_Recip_T15_180222,R2,PcB,23c,Control,,T15,43069,100,4306900,A02
PcB_Recip_T15_180222,R3,PcB,23c,Control,,T15,48679,100,4867900,A03
PcB_Recip_T15_180222,R4,PcB,23c,Control,,T15,34567,100,3456700,A04
PcB_Recip_T15_180222,R5,PcB,23c,Control,,T15,39664,100,3966400,A05
PcB_Recip_T15_180222,R6,PcB,23c,Control,,T15,46712,100,4671200,A06
PcB_Recip_T15_180222,R1,PcB,29c,Control,,T15,23969,100,2396900,A07
PcB_Recip_T15_180222,R2,PcB,29c,Control,,T15,14340,100,1434000,A08
PcB_Recip_T15_180222,R3,PcB,29c,Control,,T15,13307,100,1330700,A09
PcB_Recip_T15_180222,R4,PcB,29c,Control,,T15,17063,100,1706300,A10
PcB_Recip_T15_180222,R5,PcB,29c,Control,,T15,21779,100,2177900,A11
PcB_Recip_T15_180222,R6,PcB,29c,Control,,T15,17878,100,1787800,A12
PcB_Recip_T15_180222,R1,PcB,23c,recip,29,T15,45568,100,4556800,B01
PcB_Recip_T15_180222,R2,PcB,23c,recip,29,T15,45980,100,4598000,B02
PcB_Recip_T15_180222,R3,PcB,23c,recip,29,T15,44866,100,4486600,B03
PcB_Recip_T15_180222,R4,PcB,23c,recip,29,T15,46285,100,4628500,B04
PcB_Recip_T15_180222,R5,PcB,23c,recip,29,T15,49034,100,4903400,B05
PcB_Recip_T15_180222,R6,PcB,23c,recip,29,T15,49234,100,4923400,B06
PcB_Recip_T15_180222,R1,PcB,29c,recip,23,T15,101710,10,1017100,B07
PcB_Recip_T15_180222,R2,PcB,29c,recip,23,T15,79726,10,797260,B08
PcB_Recip_T15_180222,R3,PcB,29c,recip,23,T15,97078,10,970780,B09
PcB_Recip_T15_180222,R4,PcB,29c,recip,23,T15,99441,10,994410,B10
PcB_Recip_T15_180222,R5,PcB,29c,recip,23,T15,103688,10,1036880,B11
PcB_Recip_T15_180222,R6,PcB,29c,recip,23,T15,112097,10,1120970,B12
,,,,,,,,,,
,,,,,,,,,,
,,,,,,,,,,
,,,,,,,,,,
,,,,,,,,,,
,,,,,,,,,,
,,,,,,,,,,
,,,,,,,,,,
,,,,,,,,,,
,,,,,,,,,,
,,,,,,,,,,
,,,,,,,,,,
,,,,,,,,,,
,,,,,,,,,,
,,,,,,,,,,
,,,,,,,,,,
,,,,,,,,,,
,,,,,,,,,,
,,,,,,,,,,