File ID,Rep ID,Spp,Orig Temp,Treatment ,,Timepoint,Cell count,Dilution ,Actual Cell count,,,,,,Cell,,,,
PcD_Recip_T0_030222,R1,PcD,23c,Control,,T0,1000,1,1000,,,,,,A01,,,,
PcD_Recip_T0_030222,R2,PcD,23c,Control,,T0 ,1000,1,1000,,,,,,A02,,,,
PcD_Recip_T0_030222,R3,PcD,23c,Control,,T0,1000,1,1000,,,,,,A03,,,,
PcD_Recip_T0_030222,R4,PcD,23c,Control,,T0,1000,1,1000,,,,,,A04,,,,
PcD_Recip_T0_030222,R5,PcD,23c,Control,,T0,1000,1,1000,,,,,,A05,,,,
PcD_Recip_T0_030222,R6,PcD,23c,Control,,T0,1000,1,1000,,,,,,A06,,,,
PcD_Recip_T0_030222,R1,PcD,27c,Control,,T0,1000,1,1000,,,,,,A07,,,,
PcD_Recip_T0_030222,R2,PcD,27c,Control,,T0,1000,1,1000,,,,,,A08,,,,
PcD_Recip_T0_030222,R3,PcD,27c,Control,,T0,1000,1,1000,,,,,,A09,,,,
PcD_Recip_T0_030222,R4,PcD,27c,Control,,T0,1000,1,1000,,,,,,A10,,,,
PcD_Recip_T0_030222,R5,PcD,27c,Control,,T0,1000,1,1000,,,,,,A11,,,,
PcD_Recip_T0_030222,R6,PcD,27c,Control,,T0,1000,1,1000,,,,,,A12,,,,
PcD_Recip_T0_030222,R1,PcD,23c,recip,27,T0,1000,1,1000,,,,,,B01,,,,
PcD_Recip_T0_030222,R2,PcD,23c,recip,27,T0,1000,1,1000,,,,,,B02,,,,
PcD_Recip_T0_030222,R3,PcD,23c,recip,27,T0,1000,1,1000,,,,,,B03,,,,
PcD_Recip_T0_030222,R4,PcD,23c,recip,27,T0,1000,1,1000,,,,,,B04,,,,
PcD_Recip_T0_030222,R5,PcD,23c,recip,27,T0,1000,1,1000,,,,,,B05,,,,
PcD_Recip_T0_030222,R6,PcD,23c,recip,27,T0,1000,1,1000,,,,,,B06,,,,
PcD_Recip_T0_030222,R1,PcD,27c,recip,23,T0,1000,1,1000,,,,,,B07,,,,
PcD_Recip_T0_030222,R2,PcD,27c,recip,23,T0,1000,1,1000,,,,,,B08,,,,
PcD_Recip_T0_030222,R3,PcD,27c,recip,23,T0,1000,1,1000,,,,,,B09,,,,
PcD_Recip_T0_030222,R4,PcD,27c,recip,23,T0,1000,1,1000,,,,,,B10,,,,
PcD_Recip_T0_030222,R5,PcD,27c,recip,23,T0,1000,1,1000,,,,,,B11,,,,
PcD_Recip_T0_030222,R6,PcD,27c,recip,23,T0,1000,1,1000,,,,,,B12,,,,
PcD_Recip_T1_040222,R1,PcD,23c,Control,,T1,"2,827",1,2827,,,,,,A01,,,,
PcD_Recip_T1_040222,R2,PcD,23c,Control,,T1,"1,449",1,1449,,,,,,A02,,,,
PcD_Recip_T1_040222,R3,PcD,23c,Control,,T1,"2,299",1,2299,,,,,,A03,,,,
PcD_Recip_T1_040222,R4,PcD,23c,Control,,T1,"3,494",1,3494,,,,,,A04,,,,
PcD_Recip_T1_040222,R5,PcD,23c,Control,,T1,"3,777",1,3777,,,,,,A05,,,,
PcD_Recip_T1_040222,R6,PcD,23c,Control,,T1,"3,751",1,3751,,,,,,A06,,,,
PcD_Recip_T1_040222,R1,PcD,27c,Control,,T1,"5,617",1,5617,,,,,,A07,,,,
PcD_Recip_T1_040222,R2,PcD,27c,Control,,T1,"5,131",1,5131,,,,,,A08,,,,
PcD_Recip_T1_040222,R3,PcD,27c,Control,,T1,"4,996",1,4996,,,,,,A09,,,,
PcD_Recip_T1_040222,R4,PcD,27c,Control,,T1,"5,001",1,5001,,,,,,A10,,,,
PcD_Recip_T1_040222,R5,PcD,27c,Control,,T1,"5,359",1,5359,,,,,,A11,,,,
PcD_Recip_T1_040222,R6,PcD,27c,Control,,T1,"1,203",1,1203,,,,,,A12,,,,
PcD_Recip_T1_040222,R1,PcD,23c,recip,27,T1,"5,407",1,5407,,,,,,B01,,,,
PcD_Recip_T1_040222,R2,PcD,23c,recip,27,T1,"5,102",1,5102,,,,,,B02,,,,
PcD_Recip_T1_040222,R3,PcD,23c,recip,27,T1,"5,242",1,5242,,,,,,B03,,,,
PcD_Recip_T1_040222,R4,PcD,23c,recip,27,T1,"5,189",1,5189,,,,,,B04,,,,
PcD_Recip_T1_040222,R5,PcD,23c,recip,27,T1,"5,337",1,5337,,,,,,B05,,,,
PcD_Recip_T1_040222,R6,PcD,23c,recip,27,T1,"1,239",1,1239,,,,,,B06,,,,
PcD_Recip_T1_040222,R1,PcD,27c,recip,23,T1,"1,963",1,1963,,,,,,B07,,,,
PcD_Recip_T1_040222,R2,PcD,27c,recip,23,T1,"2,470",1,2470,,,,,,B08,,,,
PcD_Recip_T1_040222,R3,PcD,27c,recip,23,T1,"3,268",1,3268,,,,,,B09,,,,
PcD_Recip_T1_040222,R4,PcD,27c,recip,23,T1,"3,345",1,3345,,,,,,B10,,,,
PcD_Recip_T1_040222,R5,PcD,27c,recip,23,T1,"3,506",1,3506,,,,,,B11,,,,
PcD_Recip_T1_040222,R6,PcD,27c,recip,23,T1,"3,645",1,3645,,,,,,B12,,,,
PcD_Recip_T2_050222,R1,PcD,23c,Control,,T2,"5,206",1,5206,,,,,,A01,,,,
PcD_Recip_T2_050222,R2,PcD,23c,Control,,T2,"2,263",1,2263,,,,,,A02,,,,
PcD_Recip_T2_050222,R3,PcD,23c,Control,,T2,"4,148",1,4148,,,,,,A03,,,,
PcD_Recip_T2_050222,R4,PcD,23c,Control,,T2,"6,367",1,6367,,,,,,A04,,,,
PcD_Recip_T2_050222,R5,PcD,23c,Control,,T2,"6,807",1,6807,,,,,,A05,,,,
PcD_Recip_T2_050222,R6,PcD,23c,Control,,T2,"6,902",1,6902,,,,,,A06,,,,
PcD_Recip_T2_050222,R1,PcD,27c,Control,,T2,"12,650",1,12650,,,,,,A07,,,,
PcD_Recip_T2_050222,R2,PcD,27c,Control,,T2,"10,485",1,10485,,,,,,A08,,,,
PcD_Recip_T2_050222,R3,PcD,27c,Control,,T2,"9,728",1,9728,,,,,,A09,,,,
PcD_Recip_T2_050222,R4,PcD,27c,Control,,T2,"11,851",1,11851,,,,,,A10,,,,
PcD_Recip_T2_050222,R5,PcD,27c,Control,,T2,"11,762",1,11762,,,,,,A11,,,,
PcD_Recip_T2_050222,R6,PcD,27c,Control,,T2,"1,327",1,1327,,,,,,A12,,,,
PcD_Recip_T2_050222,R1,PcD,23c,recip,27,T2,"10,961",1,10961,,,,,,B01,,,,
PcD_Recip_T2_050222,R2,PcD,23c,recip,27,T2,"11,012",1,11012,,,,,,B02,,,,
PcD_Recip_T2_050222,R3,PcD,23c,recip,27,T2,"11,001",1,11001,,,,,,B03,,,,
PcD_Recip_T2_050222,R4,PcD,23c,recip,27,T2,"10,659",1,10659,,,,,,B04,,,,
PcD_Recip_T2_050222,R5,PcD,23c,recip,27,T2,"11,077",1,11077,,,,,,B05,,,,
PcD_Recip_T2_050222,R6,PcD,23c,recip,27,T2,"1,679",1,1679,,,,,,B06,,,,
PcD_Recip_T2_050222,R1,PcD,27c,recip,23,T2,"2,669",1,2669,,,,,,B07,,,,
PcD_Recip_T2_050222,R2,PcD,27c,recip,23,T2,"3,650",1,3650,,,,,,B08,,,,
PcD_Recip_T2_050222,R3,PcD,27c,recip,23,T2,"4,970",1,4970,,,,,,B09,,,,
PcD_Recip_T2_050222,R4,PcD,27c,recip,23,T2,"4,706",1,4706,,,,,,B10,,,,
PcD_Recip_T2_050222,R5,PcD,27c,recip,23,T2,"5,052",1,5052,,,,,,B11,,,,
PcD_Recip_T2_050222,R6,PcD,27c,recip,23,T2,"5,581",1,5581,,,,,,B12,,,,
PcD_Recip_T3_060222,R1,PcD,23c,Control,,T3,"7,874",1,7874,,,,,,A01,,,,
PcD_Recip_T3_060222,R2,PcD,23c,Control,,T3,"3,154",1,3154,,,,,,A02,,,,
PcD_Recip_T3_060222,R3,PcD,23c,Control,,T3,"6,039",1,6039,,,,,,A03,,,,
PcD_Recip_T3_060222,R4,PcD,23c,Control,,T3,"9,280",1,9280,,,,,,A04,,,,
PcD_Recip_T3_060222,R5,PcD,23c,Control,,T3,"9,767",1,9767,,,,,,A05,,,,
PcD_Recip_T3_060222,R6,PcD,23c,Control,,T3,"10,021",1,10021,,,,,,A06,,,,
PcD_Recip_T3_060222,R1,PcD,27c,Control,,T3,"21,885",1,21885,,,,,,A07,,,,
PcD_Recip_T3_060222,R2,PcD,27c,Control,,T3,"18,728",1,18728,,,,,,A08,,,,
PcD_Recip_T3_060222,R3,PcD,27c,Control,,T3,"16,554",1,16554,,,,,,A09,,,,
PcD_Recip_T3_060222,R4,PcD,27c,Control,,T3,"19,411",1,19411,,,,,,A10,,,,
PcD_Recip_T3_060222,R5,PcD,27c,Control,,T3,"19,889",1,19889,,,,,,A11,,,,
PcD_Recip_T3_060222,R6,PcD,27c,Control,,T3,"1,579",1,1579,,,,,,A12,,,,
PcD_Recip_T3_060222,R1,PcD,23c,recip,27,T3,"18,576",1,18576,,,,,,B01,,,,
PcD_Recip_T3_060222,R2,PcD,23c,recip,27,T3,"17,424",1,17424,,,,,,B02,,,,
PcD_Recip_T3_060222,R3,PcD,23c,recip,27,T3,"18,182",1,18182,,,,,,B03,,,,
PcD_Recip_T3_060222,R4,PcD,23c,recip,27,T3,"18,108",1,18108,,,,,,B04,,,,
PcD_Recip_T3_060222,R5,PcD,23c,recip,27,T3,"18,706",1,18706,,,,,,B05,,,,
PcD_Recip_T3_060222,R6,PcD,23c,recip,27,T3,"2,078",1,2078,,,,,,B06,,,,
PcD_Recip_T3_060222,R1,PcD,27c,recip,23,T3,"3,015",1,3015,,,,,,B07,,,,
PcD_Recip_T3_060222,R2,PcD,27c,recip,23,T3,"4,073",1,4073,,,,,,B08,,,,
PcD_Recip_T3_060222,R3,PcD,27c,recip,23,T3,"6,227",1,6227,,,,,,B09,,,,
PcD_Recip_T3_060222,R4,PcD,27c,recip,23,T3,"5,718",1,5718,,,,,,B10,,,,
PcD_Recip_T3_060222,R5,PcD,27c,recip,23,T3,"6,265",1,6265,,,,,,B11,,,,
PcD_Recip_T3_060222,R6,PcD,27c,recip,23,T3,"6,826",1,6826,,,,,,B12,,,,
PcD_Recip_T4_070222,R1,PcD,23c,Control,,T4,"12,290.00",1,12290,,,,,,A01,,,,
PcD_Recip_T4_070222,R2,PcD,23c,Control,,T4,"4,616.00",1,4616,,,,,,A02,,,,
PcD_Recip_T4_070222,R3,PcD,23c,Control,,T4,"8,982",1,8982,,,,,,A03,,,,
PcD_Recip_T4_070222,R4,PcD,23c,Control,,T4,"14,103",1,14103,,,,,,A04,,,,
PcD_Recip_T4_070222,R5,PcD,23c,Control,,T4,"14,869",1,14869,,,,,,A05,,,,
PcD_Recip_T4_070222,R6,PcD,23c,Control,,T4,"15,418",1,15418,,,,,,A06,,,,
PcD_Recip_T4_070222,R1,PcD,27c,Control,,T4,"39,502",1,39502,,,,,,A07,,,,
PcD_Recip_T4_070222,R2,PcD,27c,Control,,T4,"32,761",1,32761,,,,,,A08,,,,
PcD_Recip_T4_070222,R3,PcD,27c,Control,,T4,"29,633",1,29633,,,,,,A09,,,,
PcD_Recip_T4_070222,R4,PcD,27c,Control,,T4,"31,560",1,31560,,,,,,A10,,,,
PcD_Recip_T4_070222,R5,PcD,27c,Control,,T4,"35,928",1,35928,,,,,,A11,,,,
PcD_Recip_T4_070222,R6,PcD,27c,Control,,T4,"1,751",1,1751,,,,,,A12,,,,
PcD_Recip_T4_070222,R1,PcD,23c,recip,27,T4,"33,445",1,33445,,,,,,B01,,,,
PcD_Recip_T4_070222,R2,PcD,23c,recip,27,T4,"30,885",1,30885,,,,,,B02,,,,
PcD_Recip_T4_070222,R3,PcD,23c,recip,27,T4,"32,348",1,32348,,,,,,B03,,,,
PcD_Recip_T4_070222,R4,PcD,23c,recip,27,T4,"31,404",1,31404,,,,,,B04,,,,
PcD_Recip_T4_070222,R5,PcD,23c,recip,27,T4,"34,543",1,34543,,,,,,B05,,,,
PcD_Recip_T4_070222,R6,PcD,23c,recip,27,T4,"3,113",1,3113,,,,,,B06,,,,
PcD_Recip_T4_070222,R1,PcD,27c,recip,23,T4,"3,889",1,3889,,,,,,B07,,,,
PcD_Recip_T4_070222,R2,PcD,27c,recip,23,T4,"5,491",1,5491,,,,,,B08,,,,
PcD_Recip_T4_070222,R3,PcD,27c,recip,23,T4,"7,883",1,7883,,,,,,B09,,,,
PcD_Recip_T4_070222,R4,PcD,27c,recip,23,T4,"6,987",1,6987,,,,,,B10,,,,
PcD_Recip_T4_070222,R5,PcD,27c,recip,23,T4,"7,974",1,7974,,,,,,B11,,,,
PcD_Recip_T4_070222,R6,PcD,27c,recip,23,T4,"9,162",1,9162,,,,,,B12,,,,
PcD_Recip_T5_080222,R1,PcD,23c,Control,,T5,"19,938",1,19938,,,,,,A01,,,,
PcD_Recip_T5_080222,R2,PcD,23c,Control,,T5,"6,599",1,6599,,,,,,A02,,,,
PcD_Recip_T5_080222,R3,PcD,23c,Control,,T5,"13,325",1,13325,,,,,,A03,,,,
PcD_Recip_T5_080222,R4,PcD,23c,Control,,T5,"21,563",1,21563,,,,,,A04,,,,
PcD_Recip_T5_080222,R5,PcD,23c,Control,,T5,"23,305",1,23305,,,,,,A05,,,,
PcD_Recip_T5_080222,R6,PcD,23c,Control,,T5,"23,188",1,23188,,,,,,A06,,,,
PcD_Recip_T5_080222,R1,PcD,27c,Control,,T5,"63,508",1,63508,,,,,,A07,,,,
PcD_Recip_T5_080222,R2,PcD,27c,Control,,T5,"56,074",1,56074,,,,,,A08,,,,
PcD_Recip_T5_080222,R3,PcD,27c,Control,,T5,"50,743",1,50743,,,,,,A09,,,,
PcD_Recip_T5_080222,R4,PcD,27c,Control,,T5,"52,260",1,52260,,,,,,A10,,,,
PcD_Recip_T5_080222,R5,PcD,27c,Control,,T5,"66,103",1,66103,,,,,,A11,,,,
PcD_Recip_T5_080222,R6,PcD,27c,Control,,T5,"2,084",1,2084,,,,,,A12,,,,
PcD_Recip_T5_080222,R1,PcD,23c,recip,27,T5,"55,502",1,55502,,,,,,B01,,,,
PcD_Recip_T5_080222,R2,PcD,23c,recip,27,T5,"51,531",1,51531,,,,,,B02,,,,
PcD_Recip_T5_080222,R3,PcD,23c,recip,27,T5,"53,247",1,53247,,,,,,B03,,,,
PcD_Recip_T5_080222,R4,PcD,23c,recip,27,T5,"53,496",1,53496,,,,,,B04,,,,
PcD_Recip_T5_080222,R5,PcD,23c,recip,27,T5,"59,591",1,59591,,,,,,B05,,,,
PcD_Recip_T5_080222,R6,PcD,23c,recip,27,T5,"4,503",1,4503,,,,,,B06,,,,
PcD_Recip_T5_080222,R1,PcD,27c,recip,23,T5,"4,383",1,4383,,,,,,B07,,,,
PcD_Recip_T5_080222,R2,PcD,27c,recip,23,T5,"6,917",1,6917,,,,,,B08,,,,
PcD_Recip_T5_080222,R3,PcD,27c,recip,23,T5,"9,406",1,9406,,,,,,B09,,,,
PcD_Recip_T5_080222,R4,PcD,27c,recip,23,T5,"7,562",1,7562,,,,,,B10,,,,
PcD_Recip_T5_080222,R5,PcD,27c,recip,23,T5,"5,871",1,5871,,,,,,B11,,,,
PcD_Recip_T5_080222,R6,PcD,27c,recip,23,T5,"10,373",1,10373,,,,,,B12,,,,
PcD_Recip_T6_090222,R1,PcD,23c,Control,,T6,"32,585",1,32585,,,,,,A01,,,,
PcD_Recip_T6_090222,R2,PcD,23c,Control,,T6,"10,551",1,10551,,,,,,A02,,,,
PcD_Recip_T6_090222,R3,PcD,23c,Control,,T6,"20,385",1,20385,,,,,,A03,,,,
PcD_Recip_T6_090222,R4,PcD,23c,Control,,T6,"33,583",1,33583,,,,,,A04,,,,
PcD_Recip_T6_090222,R5,PcD,23c,Control,,T6,"35,654",1,35654,,,,,,A05,,,,
PcD_Recip_T6_090222,R6,PcD,23c,Control,,T6,"36,320",1,36320,,,,,,A06,,,,
PcD_Recip_T6_090222,R1,PcD,27c,Control,,T6,"103,952",1,103952,,,,,,A07,,,,
PcD_Recip_T6_090222,R2,PcD,27c,Control,,T6,"92,538",1,92538,,,,,,A08,,,,
PcD_Recip_T6_090222,R3,PcD,27c,Control,,T6,"88,498",1,88498,,,,,,A09,,,,
PcD_Recip_T6_090222,R4,PcD,27c,Control,,T6,"85,006",1,85006,,,,,,A10,,,,
PcD_Recip_T6_090222,R5,PcD,27c,Control,,T6,"106,501",1,106501,,,,,,A11,,,,
PcD_Recip_T6_090222,R6,PcD,27c,Control,,T6,"2,337",1,2337,,,,,,A12,,,,
PcD_Recip_T6_090222,R1,PcD,23c,recip,27,T6,"88,206",1,88206,,,,,,B01,,,,
PcD_Recip_T6_090222,R2,PcD,23c,recip,27,T6,"81,188",1,81188,,,,,,B02,,,,
PcD_Recip_T6_090222,R3,PcD,23c,recip,27,T6,"82,163",1,82163,,,,,,B03,,,,
PcD_Recip_T6_090222,R4,PcD,23c,recip,27,T6,"83,753",1,83753,,,,,,B04,,,,
PcD_Recip_T6_090222,R5,PcD,23c,recip,27,T6,"68,593",1,68593,,,,,,B05,,,,
PcD_Recip_T6_090222,R6,PcD,23c,recip,27,T6,"8,961",1,8961,,,,,,B06,,,,
PcD_Recip_T6_090222,R1,PcD,27c,recip,23,T6,,1,0,,,,,,B07,,,,
PcD_Recip_T6_090222,R2,PcD,27c,recip,23,T6,,1,0,,,,,,B08,,,,
PcD_Recip_T6_090222,R3,PcD,27c,recip,23,T6,,1,0,,,,,,B09,,,,
PcD_Recip_T6_090222,R4,PcD,27c,recip,23,T6,,1,0,,,,,,B10,,,,
PcD_Recip_T6_090222,R5,PcD,27c,recip,23,T6,,1,0,,,,,,B11,,,,
PcD_Recip_T6_090222,R6,PcD,27c,recip,23,T6,,1,0,,,,,,B12,,,,
PcD_Recip_T7_100222,R1,PcD,23c,Control,,T7,"53,719",1,53719,,,,,,A01,,,,
PcD_Recip_T7_100222,R2,PcD,23c,Control,,T7,"16,516",1,16516,,,,,,A02,,,,
PcD_Recip_T7_100222,R3,PcD,23c,Control,,T7,"32,356",1,32356,,,,,,A03,,,,
PcD_Recip_T7_100222,R4,PcD,23c,Control,,T7,"52,457",1,52457,,,,,,A04,,,,
PcD_Recip_T7_100222,R5,PcD,23c,Control,,T7,"55,530",1,55530,,,,,,A05,,,,
PcD_Recip_T7_100222,R6,PcD,23c,Control,,T7,"55,454",1,55454,,,,,,A06,,,,
PcD_Recip_T7_100222,R1,PcD,27c,Control,,T7,"153,872",1,153872,,,,,,A07,,,,
PcD_Recip_T7_100222,R2,PcD,27c,Control,,T7,"135,794",1,135794,,,,,,A08,,,,
PcD_Recip_T7_100222,R3,PcD,27c,Control,,T7,"159,079",1,159079,,,,,,A09,,,,
PcD_Recip_T7_100222,R4,PcD,27c,Control,,T7,"154,318",1,154318,,,,,,A10,,,,
PcD_Recip_T7_100222,R5,PcD,27c,Control,,T7,"162,738",1,162738,,,,,,A11,,,,
PcD_Recip_T7_100222,R6,PcD,27c,Control,,T7,"2,878",1,2878,,,,,,A12,,,,
PcD_Recip_T7_100222,R1,PcD,23c,recip,27,T7,"166,404",1,166404,,,,,,B01,,,,
PcD_Recip_T7_100222,R2,PcD,23c,recip,27,T7,"145,812",1,145812,,,,,,B02,,,,
PcD_Recip_T7_100222,R3,PcD,23c,recip,27,T7,"157,530",1,157530,,,,,,B03,,,,
PcD_Recip_T7_100222,R4,PcD,23c,recip,27,T7,"149,506",1,149506,,,,,,B04,,,,
PcD_Recip_T7_100222,R5,PcD,23c,recip,27,T7,"157,383",1,157383,,,,,,B05,,,,
PcD_Recip_T7_100222,R6,PcD,23c,recip,27,T7,"12,176",1,12176,,,,,,B06,,,,
PcD_Recip_T7_100222,R1,PcD,27c,recip,23,T7,"5,726",1,5726,,,,,,B07,,,,
PcD_Recip_T7_100222,R2,PcD,27c,recip,23,T7,"9,981",1,9981,,,,,,B08,,,,
PcD_Recip_T7_100222,R3,PcD,27c,recip,23,T7,"12,428",1,12428,,,,,,B09,,,,
PcD_Recip_T7_100222,R4,PcD,27c,recip,23,T7,"10,001",1,10001,,,,,,B10,,,,
PcD_Recip_T7_100222,R5,PcD,27c,recip,23,T7,"13,003",1,13003,,,,,,B11,,,,
PcD_Recip_T7_100222,R6,PcD,27c,recip,23,T7,"17,329",1,17329,,,,,,B12,,,,
PcD_Recip_T8_110222,R1,PcD,23c,Control,,T8,"94,164",1,94164,,,,,,A01,,,,
PcD_Recip_T8_110222,R2,PcD,23c,Control,,T8,"28,620",1,28620,,,,,,A02,,,,
PcD_Recip_T8_110222,R3,PcD,23c,Control,,T8,"57,127",1,57127,,,,,,A03,,,,
PcD_Recip_T8_110222,R4,PcD,23c,Control,,T8,"90,326",1,90326,,,,,,A04,,,,
PcD_Recip_T8_110222,R5,PcD,23c,Control,,T8,"96,237",1,96237,,,,,,A05,,,,
PcD_Recip_T8_110222,R6,PcD,23c,Control,,T8,"97,456",1,97456,,,,,,A06,,,,
PcD_Recip_T8_110222,R1,PcD,27c,Control,,T8,"43,713",10,437130,,,,,,A07,,,,
PcD_Recip_T8_110222,R2,PcD,27c,Control,,T8,"51,943",10,519430,,,,,,A08,,,,
PcD_Recip_T8_110222,R3,PcD,27c,Control,,T8,"42,277",10,422770,,,,,,A09,,,,
PcD_Recip_T8_110222,R4,PcD,27c,Control,,T8,"37,809",10,378090,,,,,,A10,,,,
PcD_Recip_T8_110222,R5,PcD,27c,Control,,T8,"45,147",10,451470,,,,,,A11,,,,
PcD_Recip_T8_110222,R6,PcD,27c,Control,,T8,3506,1,3506,,,,,,A12,,,,
PcD_Recip_T8_110222,R1,PcD,23c,recip,27,T8,"35,224",10,352240,,,,,,B01,,,,
PcD_Recip_T8_110222,R2,PcD,23c,recip,27,T8,"32,403",10,324030,,,,,,B02,,,,
PcD_Recip_T8_110222,R3,PcD,23c,recip,27,T8,"31,276",10,312760,,,,,,B03,,,,
PcD_Recip_T8_110222,R4,PcD,23c,recip,27,T8,"36,314",10,363140,,,,,,B04,,,,
PcD_Recip_T8_110222,R5,PcD,23c,recip,27,T8,"34,652",10,346520,,,,,,B05,,,,
PcD_Recip_T8_110222,R6,PcD,23c,recip,27,T8,"19,895",1,19895,,,,,,B06,,,,
PcD_Recip_T8_110222,R1,PcD,27c,recip,23,T8,"6,493",1,6493,,,,,,B07,,,,
PcD_Recip_T8_110222,R2,PcD,27c,recip,23,T8,"11,418",1,11418,,,,,,B08,,,,
PcD_Recip_T8_110222,R3,PcD,27c,recip,23,T8,"13,183",1,13183,,,,,,B09,,,,
PcD_Recip_T8_110222,R4,PcD,27c,recip,23,T8,"10,316",1,10316,,,,,,B10,,,,
PcD_Recip_T8_110222,R5,PcD,27c,recip,23,T8,"12,918",1,12918,,,,,,B11,,,,
PcD_Recip_T8_110222,R6,PcD,27c,recip,23,T8,"18,965",1,18965,,,,,,B12,,,,
PcD_Recip_T9_120222,R1,PcD,23c,Control,,T9,"14,632",10,146320,,,,,,A01,,,,
PcD_Recip_T9_120222,R2,PcD,23c,Control,,T9,"4,851",10,48510,,,,,,A02,,,,
PcD_Recip_T9_120222,R3,PcD,23c,Control,,T9,"10,052",10,100520,,,,,,A03,,,,
PcD_Recip_T9_120222,R4,PcD,23c,Control,,T9,"14,869",10,148690,,,,,,A04,,,,
PcD_Recip_T9_120222,R5,PcD,23c,Control,,T9,"15,991",10,159910,,,,,,A05,,,,
PcD_Recip_T9_120222,R6,PcD,23c,Control,,T9,"16,229",10,162290,,,,,,A06,,,,
PcD_Recip_T9_120222,R1,PcD,27c,Control,,T9,"85,818",10,858180,,,,,,A07,,,,
PcD_Recip_T9_120222,R2,PcD,27c,Control,,T9,"95,041",10,950410,,,,,,A08,,,,
PcD_Recip_T9_120222,R3,PcD,27c,Control,,T9,"81,787",10,817870,,,,,,A09,,,,
PcD_Recip_T9_120222,R4,PcD,27c,Control,,T9,"82,718",10,827180,,,,,,A10,,,,
PcD_Recip_T9_120222,R5,PcD,27c,Control,,T9,"87,784",10,877840,,,,,,A11,,,,
PcD_Recip_T9_120222,R6,PcD,27c,Control,,T9,"4,443",1,4443,,,,,,A12,,,,
PcD_Recip_T9_120222,R1,PcD,23c,recip,27,T9,"73,215",10,732150,,,,,,B01,,,,
PcD_Recip_T9_120222,R2,PcD,23c,recip,27,T9,"59,028",10,590280,,,,,,B02,,,,
PcD_Recip_T9_120222,R3,PcD,23c,recip,27,T9,"61,214",10,612140,,,,,,B03,,,,
PcD_Recip_T9_120222,R4,PcD,23c,recip,27,T9,"70,306",10,703060,,,,,,B04,,,,
PcD_Recip_T9_120222,R5,PcD,23c,recip,27,T9,"69,672",10,696720,,,,,,B05,,,,
PcD_Recip_T9_120222,R6,PcD,23c,recip,27,T9,"30,837",1,30837,,,,,,B06,,,,
PcD_Recip_T9_120222,R1,PcD,27c,recip,23,T9,"7,902",1,7902,,,,,,B07,,,,
PcD_Recip_T9_120222,R2,PcD,27c,recip,23,T9,"13,809",1,13809,,,,,,B08,,,,
PcD_Recip_T9_120222,R3,PcD,27c,recip,23,T9,"16,256",1,16256,,,,,,B09,,,,
PcD_Recip_T9_120222,R4,PcD,27c,recip,23,T9,"12,923",1,12923,,,,,,B10,,,,
PcD_Recip_T9_120222,R5,PcD,27c,recip,23,T9,"15,933",1,15933,,,,,,B11,,,,
PcD_Recip_T9_120222,R6,PcD,27c,recip,23,T9,"23,993",1,23993,,,,,,B12,,,,
PcD_Recip_T10_130222,R1,PcD,23c,Control,,T10,na,1,#VALUE!,,,,,,A01,,,,
PcD_Recip_T10_130222,R2,PcD,23c,Control,,T10,na,1,#VALUE!,,,,,,A02,,,,
PcD_Recip_T10_130222,R3,PcD,23c,Control,,T10,na,1,#VALUE!,,,,,,A03,,,,
PcD_Recip_T10_130222,R4,PcD,23c,Control,,T10,na,1,#VALUE!,,,,,,A04,,,,
PcD_Recip_T10_130222,R5,PcD,23c,Control,,T10,na,1,#VALUE!,,,,,,A05,,,,
PcD_Recip_T10_130222,R6,PcD,23c,Control,,T10,na,1,#VALUE!,,,,,,A06,,,,
PcD_Recip_T10_130222,R1,PcD,27c,Control,,T10,na,1,#VALUE!,,,,,,A07,,,,
PcD_Recip_T10_130222,R2,PcD,27c,Control,,T10,na,1,#VALUE!,,,,,,A08,,,,
PcD_Recip_T10_130222,R3,PcD,27c,Control,,T10,na,1,#VALUE!,,,,,,A09,,,,
PcD_Recip_T10_130222,R4,PcD,27c,Control,,T10,na,1,#VALUE!,,,,,,A10,,,,
PcD_Recip_T10_130222,R5,PcD,27c,Control,,T10,na,1,#VALUE!,,,,,,A11,,,,
PcD_Recip_T10_130222,R6,PcD,27c,Control,,T10,na,1,#VALUE!,,,,,,A12,,,,
PcD_Recip_T10_130222,R1,PcD,23c,recip,27,T10,na,1,#VALUE!,,,,,,B01,,,,
PcD_Recip_T10_130222,R2,PcD,23c,recip,27,T10,na,1,#VALUE!,,,,,,B02,,,,
PcD_Recip_T10_130222,R3,PcD,23c,recip,27,T10,na,1,#VALUE!,,,,,,B03,,,,
PcD_Recip_T10_130222,R4,PcD,23c,recip,27,T10,na,1,#VALUE!,,,,,,B04,,,,
PcD_Recip_T10_130222,R5,PcD,23c,recip,27,T10,na,1,#VALUE!,,,,,,B05,,,,
PcD_Recip_T10_130222,R6,PcD,23c,recip,27,T10,na,1,#VALUE!,,,,,,B06,,,,
PcD_Recip_T10_130222,R1,PcD,27c,recip,23,T10,na,1,#VALUE!,,,,,,B07,,,,
PcD_Recip_T10_130222,R2,PcD,27c,recip,23,T10,na,1,#VALUE!,,,,,,B08,,,,
PcD_Recip_T10_130222,R3,PcD,27c,recip,23,T10,na,1,#VALUE!,,,,,,B09,,,,
PcD_Recip_T10_130222,R4,PcD,27c,recip,23,T10,na,1,#VALUE!,,,,,,B10,,,,
PcD_Recip_T10_130222,R5,PcD,27c,recip,23,T10,na,1,#VALUE!,,,,,,B11,,,,
PcD_Recip_T10_130222,R6,PcD,27c,recip,23,T10,na,1,#VALUE!,,,,,,B12,,,,
PcD_Recip_T11_140222,R1,PcD,23c,Control,,T11,"40,413",10,404130,,,,,,A01,,,,
PcD_Recip_T11_140222,R2,PcD,23c,Control,,T11,"15,656",10,156560,,,,,,A02,,,,
PcD_Recip_T11_140222,R3,PcD,23c,Control,,T11,"30,432",10,304320,,,,,,A03,,,,
PcD_Recip_T11_140222,R4,PcD,23c,Control,,T11,"38,121",10,381210,,,,,,A04,,,,
PcD_Recip_T11_140222,R5,PcD,23c,Control,,T11,"39,970",10,399700,,,,,,A05,,,,
PcD_Recip_T11_140222,R6,PcD,23c,Control,,T11,"40,564",10,405640,,,,,,A06,,,,
PcD_Recip_T11_140222,R1,PcD,27c,Control,,T11,18130,100,1813000,,,,,,A07,,,,
PcD_Recip_T11_140222,R2,PcD,27c,Control,,T11,17009,100,1700900,,,,,,A08,,,,
PcD_Recip_T11_140222,R3,PcD,27c,Control,,T11,16862,100,1686200,,,,,,A09,,,,
PcD_Recip_T11_140222,R4,PcD,27c,Control,,T11,16218,100,1621800,,,,,,A10,,,,
PcD_Recip_T11_140222,R5,PcD,27c,Control,,T11,16534,100,1653400,,,,,,A11,,,,
PcD_Recip_T11_140222,R6,PcD,27c,Control,,T11,1553,10,15530,,,,,,A12,,,,
PcD_Recip_T11_140222,R1,PcD,23c,recip,27,T11,121650,10,1216500,,,,,,B01,,,,
PcD_Recip_T11_140222,R2,PcD,23c,recip,27,T11,105765,10,1057650,,,,,,B02,,,,
PcD_Recip_T11_140222,R3,PcD,23c,recip,27,T11,108204,10,1082043,,,,,,B03,,,,
PcD_Recip_T11_140222,R4,PcD,23c,recip,27,T11,109490,10,1094900,,,,,,B04,,,,
PcD_Recip_T11_140222,R5,PcD,23c,recip,27,T11,117539,10,1175390,,,,,,B05,,,,
PcD_Recip_T11_140222,R6,PcD,23c,recip,27,T11,9329,10,93290,,,,,,B06,,,,
PcD_Recip_T11_140222,R1,PcD,27c,recip,23,T11,13539,1,13539,,,,,,B07,,,,
PcD_Recip_T11_140222,R2,PcD,27c,recip,23,T11,18076,1,18076,,,,,,B08,,,,
PcD_Recip_T11_140222,R3,PcD,27c,recip,23,T11,19506,1,19506,,,,,,B09,,,,
PcD_Recip_T11_140222,R4,PcD,27c,recip,23,T11,18410,1,18410,,,,,,B10,,,,
PcD_Recip_T11_140222,R5,PcD,27c,recip,23,T11,19129,1,19129,,,,,,B11,,,,
PcD_Recip_T11_140222,R6,PcD,27c,recip,23,T11,31357,1,31357,,,,,,B12,,,,
PcD_Recip_T12_150222,R1,PcD,23c,Control,,T12,66470,10,664700,,,,,,A01,,,,
PcD_Recip_T12_150222,R2,PcD,23c,Control,,T12,"21,565",10,215650,,,,,,A02,,,,
PcD_Recip_T12_150222,R3,PcD,23c,Control,,T12,"44,019",10,440190,,,,,,A03,,,,
PcD_Recip_T12_150222,R4,PcD,23c,Control,,T12,"67,036",10,670360,,,,,,A04,,,,
PcD_Recip_T12_150222,R5,PcD,23c,Control,,T12,"68,109",10,681090,,,,,,A05,,,,
PcD_Recip_T12_150222,R6,PcD,23c,Control,,T12,"69,863",10,698630,,,,,,A06,,,,
PcD_Recip_T12_150222,R1,PcD,27c,Control,,T12,"29,291",100,2929100,,,,,,A07,,,,
PcD_Recip_T12_150222,R2,PcD,27c,Control,,T12,"22,007",100,2200700,,,,,,A08,,,,
PcD_Recip_T12_150222,R3,PcD,27c,Control,,T12,"21,210",100,2121000,,,,,,A09,,,,
PcD_Recip_T12_150222,R4,PcD,27c,Control,,T12,"19,391",100,1939100,,,,,,A10,,,,
PcD_Recip_T12_150222,R5,PcD,27c,Control,,T12,"20,301",100,2030100,,,,,,A11,,,,
PcD_Recip_T12_150222,R6,PcD,27c,Control,,T12,"1,624",10,16240,,,,,,A12,,,,
PcD_Recip_T12_150222,R1,PcD,23c,recip,27,T12,"142,051",10,1420510,,,,,,B01,,,,
PcD_Recip_T12_150222,R2,PcD,23c,recip,27,T12,"153,460",10,1534600,,,,,,B02,,,,
PcD_Recip_T12_150222,R3,PcD,23c,recip,27,T12,"150,565",10,1505650,,,,,,B03,,,,
PcD_Recip_T12_150222,R4,PcD,23c,recip,27,T12,"144,497",10,1444970,,,,,,B04,,,,
PcD_Recip_T12_150222,R5,PcD,23c,recip,27,T12,"151,334",10,1513340,,,,,,B05,,,,
PcD_Recip_T12_150222,R6,PcD,23c,recip,27,T12,"15,666",10,156660,,,,,,B06,,,,
PcD_Recip_T12_150222,R1,PcD,27c,recip,23,T12,"12,005",1,12005,,,,,,B07,,,,
PcD_Recip_T12_150222,R2,PcD,27c,recip,23,T12,"21,354",1,21354,,,,,,B08,,,,
PcD_Recip_T12_150222,R3,PcD,27c,recip,23,T12,"24,663",1,24663,,,,,,B09,,,,
PcD_Recip_T12_150222,R4,PcD,27c,recip,23,T12,"21,728",1,21728,,,,,,B10,,,,
PcD_Recip_T12_150222,R5,PcD,27c,recip,23,T12,"24,496",1,24496,,,,,,B11,,,,
PcD_Recip_T12_150222,R6,PcD,27c,recip,23,T12,"42,120",1,42120,,,,,,B12,,,,
PcD_Recip_T13_160222,R1,PcD,23c,Control,,T13,"12,417",100,1241700,,,,,,A01,,,,
PcD_Recip_T13_160222,R2,PcD,23c,Control,,T13,"4,016",100,401600,,,,,,A02,,,,
PcD_Recip_T13_160222,R3,PcD,23c,Control,,T13,"7,801",100,780100,,,,,,A03,,,,
PcD_Recip_T13_160222,R4,PcD,23c,Control,,T13,"11,761",100,1176100,,,,,,A04,,,,
PcD_Recip_T13_160222,R5,PcD,23c,Control,,T13,"11,477",100,1147700,,,,,,A05,,,,
PcD_Recip_T13_160222,R6,PcD,23c,Control,,T13,"11,820",100,1182000,,,,,,A06,,,,
PcD_Recip_T13_160222,R1,PcD,27c,Control,,T13,"24,804",100,2480400,,,,,,A07,,,,
PcD_Recip_T13_160222,R2,PcD,27c,Control,,T13,"36,415",100,3641500,,,,,,A08,,,,
PcD_Recip_T13_160222,R3,PcD,27c,Control,,T13,"22,797",100,2279700,,,,,,A09,,,,
PcD_Recip_T13_160222,R4,PcD,27c,Control,,T13,"23,656",100,2365600,,,,,,A10,,,,
PcD_Recip_T13_160222,R5,PcD,27c,Control,,T13,"23,601",100,2360100,,,,,,A11,,,,
PcD_Recip_T13_160222,R6,PcD,27c,Control,,T13,"1,936",10,19360,,,,,,A12,,,,
PcD_Recip_T13_160222,R1,PcD,23c,recip,27,T13,"30,612",100,3061200,,,,,,B01,,,,
PcD_Recip_T13_160222,R2,PcD,23c,recip,27,T13,"24,226",100,2422600,,,,,,B02,,,,
PcD_Recip_T13_160222,R3,PcD,23c,recip,27,T13,"23,798",100,2379800,,,,,,B03,,,,
PcD_Recip_T13_160222,R4,PcD,23c,recip,27,T13,"22,633",100,2263300,,,,,,B04,,,,
PcD_Recip_T13_160222,R5,PcD,23c,recip,27,T13,"23,172",100,2317200,,,,,,B05,,,,
PcD_Recip_T13_160222,R6,PcD,23c,recip,27,T13,"24,129",10,241290,,,,,,B06,,,,
PcD_Recip_T13_160222,R1,PcD,27c,recip,23,T13,"13,968",1,13968,,,,,,B07,,,,
PcD_Recip_T13_160222,R2,PcD,27c,recip,23,T13,"24,816",1,24816,,,,,,B08,,,,
PcD_Recip_T13_160222,R3,PcD,27c,recip,23,T13,"28,337",1,28337,,,,,,B09,,,,
PcD_Recip_T13_160222,R4,PcD,27c,recip,23,T13,"25,194",1,25194,,,,,,B10,,,,
PcD_Recip_T13_160222,R5,PcD,27c,recip,23,T13,"27,907",1,27907,,,,,,B11,,,,
PcD_Recip_T13_160222,R6,PcD,27c,recip,23,T13,"49,453",1,49453,,,,,,B12,,,,
PcD_Recip_T14_170222,R1,PcD,23c,Control,,T14,,1,0,,,,,,A01,,,,
PcD_Recip_T14_170222,R2,PcD,23c,Control,,T14,,1,0,,,,,,A02,,,,
PcD_Recip_T14_170222,R3,PcD,23c,Control,,T14,,1,0,,,,,,A03,,,,
PcD_Recip_T14_170222,R4,PcD,23c,Control,,T14,,1,0,,,,,,A04,,,,
PcD_Recip_T14_170222,R5,PcD,23c,Control,,T14,,1,0,,,,,,A05,,,,
PcD_Recip_T14_170222,R6,PcD,23c,Control,,T14,,1,0,,,,,,A06,,,,
PcD_Recip_T14_170222,R1,PcD,27c,Control,,T14,,1,0,,,,,,A07,,,,
PcD_Recip_T14_170222,R2,PcD,27c,Control,,T14,,1,0,,,,,,A08,,,,
PcD_Recip_T14_170222,R3,PcD,27c,Control,,T14,,1,0,,,,,,A09,,,,
PcD_Recip_T14_170222,R4,PcD,27c,Control,,T14,,1,0,,,,,,A10,,,,
PcD_Recip_T14_170222,R5,PcD,27c,Control,,T14,,1,0,,,,,,A11,,,,
PcD_Recip_T14_170222,R6,PcD,27c,Control,,T14,,1,0,,,,,,A12,,,,
PcD_Recip_T14_170222,R1,PcD,23c,recip,27,T14,,1,0,,,,,,B01,,,,
PcD_Recip_T14_170222,R2,PcD,23c,recip,27,T14,,1,0,,,,,,B02,,,,
PcD_Recip_T14_170222,R3,PcD,23c,recip,27,T14,,1,0,,,,,,B03,,,,
PcD_Recip_T14_170222,R4,PcD,23c,recip,27,T14,,1,0,,,,,,B04,,,,
PcD_Recip_T14_170222,R5,PcD,23c,recip,27,T14,,1,0,,,,,,B05,,,,
PcD_Recip_T14_170222,R6,PcD,23c,recip,27,T14,,1,0,,,,,,B06,,,,
PcD_Recip_T14_170222,R1,PcD,27c,recip,23,T14,"17,255",1,17255,,,,,,B07,,,,
PcD_Recip_T14_170222,R2,PcD,27c,recip,23,T14,"32,681",1,32681,,,,,,B08,,,,
PcD_Recip_T14_170222,R3,PcD,27c,recip,23,T14,"33,008",1,33008,,,,,,B09,,,,
PcD_Recip_T14_170222,R4,PcD,27c,recip,23,T14,"30,626",1,30626,,,,,,B10,,,,
PcD_Recip_T14_170222,R5,PcD,27c,recip,23,T14,"35,345",1,35345,,,,,,B11,,,,
PcD_Recip_T14_170222,R6,PcD,27c,recip,23,T14,"63,890",1,63890,,,,,,B12,,,,
PcD_Recip_T15_180222,R1,PcD,23c,Control,,T15,"21,059",100,2105900,,,,,,A01,,,,
PcD_Recip_T15_180222,R2,PcD,23c,Control,,T15,"10,173",100,1017300,,,,,,A02,,,,
PcD_Recip_T15_180222,R3,PcD,23c,Control,,T15,"17,420",100,1742000,,,,,,A03,,,,
PcD_Recip_T15_180222,R4,PcD,23c,Control,,T15,"21,010",100,2101000,,,,,,A04,,,,
PcD_Recip_T15_180222,R5,PcD,23c,Control,,T15,"21,181",100,2118100,,,,,,A05,,,,
PcD_Recip_T15_180222,R6,PcD,23c,Control,,T15,"21,038",100,2103800,,,,,,A06,,,,
PcD_Recip_T15_180222,R1,PcD,27c,Control,,T15,"30,080",100,3008000,,,,,,A07,,,,
PcD_Recip_T15_180222,R2,PcD,27c,Control,,T15,"43,833",100,4383300,,,,,,A08,,,,
PcD_Recip_T15_180222,R3,PcD,27c,Control,,T15,"28,083",100,2808300,,,,,,A09,,,,
PcD_Recip_T15_180222,R4,PcD,27c,Control,,T15,"26,903",100,2690300,,,,,,A10,,,,
PcD_Recip_T15_180222,R5,PcD,27c,Control,,T15,"26,738",100,2673800,,,,,,A11,,,,
PcD_Recip_T15_180222,R6,PcD,27c,Control,,T15,"79,000",1,79000,,,,,,A12,,,,
PcD_Recip_T15_180222,R1,PcD,23c,recip,27,T15,"29,012",100,2901200,,,,,,B01,,,,
PcD_Recip_T15_180222,R2,PcD,23c,recip,27,T15,"29,387",100,2938700,,,,,,B02,,,,
PcD_Recip_T15_180222,R3,PcD,23c,recip,27,T15,"31,512",100,3151200,,,,,,B03,,,,
PcD_Recip_T15_180222,R4,PcD,23c,recip,27,T15,"32,428",100,3242800,,,,,,B04,,,,
PcD_Recip_T15_180222,R5,PcD,23c,recip,27,T15,"29,651",100,2965100,,,,,,B05,,,,
PcD_Recip_T15_180222,R6,PcD,23c,recip,27,T15,790,100,79000,,,,,,B06,,,,
PcD_Recip_T15_180222,R1,PcD,27c,recip,23,T15,"21,932",1,21932,,,,,,B07,,,,
PcD_Recip_T15_180222,R2,PcD,27c,recip,23,T15,"42,185",1,42185,,,,,,B08,,,,
PcD_Recip_T15_180222,R3,PcD,27c,recip,23,T15,"44,926",1,44926,,,,,,B09,,,,
PcD_Recip_T15_180222,R4,PcD,27c,recip,23,T15,"37,795",1,37795,,,,,,B10,,,,
PcD_Recip_T15_180222,R5,PcD,27c,recip,23,T15,"44,870",1,44870,,,,,,B11,,,,
PcD_Recip_T15_180222,R6,PcD,27c,recip,23,T15,"81,822",1,81822,,,,,,B12,,,,
,,,,,,,,,,,,,,,,,,,
,,,,,,,,,,,,,,,,,,,
,,,,,,,,,,,,,,,,,,,
,,,,,,,,,,,,,,,,,,,
,,,,,,,,,,,,,,,,,,,
,,,,,,,,,,,,,,,,,,,
,,,,,,,,,,,,,,,,,,,
,,,,,,,,,,,,,,,,,,,
,,,,,,,,,,,,,,,,,,,
,,,,,,,,,,,,,,,,,,,
,,,,,,,,,,,,,,,,,,,
,,,,,,,,,,,,,,,,,,,
,,,,,,,,,,,,,,,,,,,
,,,,,,,,,,,,,,,,,,,
,,,,,,,,,,,,,,,,,,,
,,,,,,,,,,,,,,,,,,,
,,,,,,,,,,,,,,,,,,,
,,,,,,,,,,,,,,,,,,,
,,,,,,,,,,,,,,,,,,,
,,,,,,,,,,,,,,,,,,,
,,,,,,,,,,,,,,,,,,,
,,,,,,,,,,,,,,,,,,,
,,,,,,,,,,,,,,,,,,,
,,,,,,,,,,,,,,,,,,,
,,,,,,,,,,,,,,,,,,,
,,,,,,,,,,,,,,,,,,,
,,,,,,,,,,,,,,,,,,,
,,,,,,,,,,,,,,,,,,,
,,,,,,,,,,,,,,,,,,,
,,,,,,,,,,,,,,,,,,,
,,,,,,,,,,,,,,,,,,,
,,,,,,,,,,,,,,,,,,,
,,,,,,,,,,,,,,,,,,,
,,,,,,,,,,,,,,,,,,,
,,,,,,,,,,,,,,,,,,,
,,,,,,,,,,,,,,,,,,,
,,,,,,,,,,,,,,,,,,,
,,,,,,,,,,,,,,,,,,,
,,,,,,,,,,,,,,,,,,,
,,,,,,,,,,,,,,,,,,,
,,,,,,,,,,,,,,,,,,,
,,,,,,,,,,,,,,,,,,,
,,,,,,,,,,,,,,,,,,,
,,,,,,,,,,,,,,,,,,,
,,,,,,,,,,,,,,,,,,,
,,,,,,,,,,,,,,,,,,,
,,,,,,,,,,,,,,,,,,,
,,,,,,,,,,,,,,,,,,,
,,,,,,,,,,,,,,,,,,,
,,,,,,,,,,,,,,,,,,,