File ID,Rep ID,Treatment,Spp,Timepoint,Cell count,Dilution ,Actual Cell count,,,,,Cell
Pc D_TPC_T0_121121,R1,15c,PcD,T0,1478,1,1478,,,,,A01
Pc D_TPC_T0_121121,R2,15c,PcD,T0,1511,1,1511,,,,,A02
Pc D_TPC_T0_121121,R3,15c,PcD,T0,1477,1,1477,,,,,A03
Pc D_TPC_T0_121121,R1,18c,PcD,T0,1436,1,1436,,,,,B01
Pc D_TPC_T0_121121,R2,18c,PcD,T0,1562,1,1562,,,,,B02
Pc D_TPC_T0_121121,R3,18c,PcD,T0,1518,1,1518,,,,,B03
Pc D_TPC_T0_121121,R1,20c,PcD,T0,1612,1,1612,,,,,C01
Pc D_TPC_T0_121121,R2,20c,PcD,T0,1575,1,1575,,,,,C02
Pc D_TPC_T0_121121,R3,20c,PcD,T0,1603,1,1603,,,,,C03
Pc D_TPC_T0_121121,R1,23c,PcD,T0,1446,1,1446,,,,,D02
Pc D_TPC_T0_121121,R2,23c,PcD,T0,1485,1,1485,,,,,D02
Pc D_TPC_T0_121121,R3,23c,PcD,T0,1407,1,1407,,,,,D03
Pc D_TPC_T0_121121,R1,25c,PcD,T0,1619,1,1619,,,,,E01
Pc D_TPC_T0_121121,R2,25c,PcD,T0,1658,1,1658,,,,,E02
Pc D_TPC_T0_121121,R3,25c,PcD,T0,1631,1,1631,,,,,E03
Pc D_TPC_T0_121121,R1,27c,PcD,T0,1448,1,1448,,,,,F01
Pc D_TPC_T0_121121,R2,27c,PcD,T0,1513,1,1513,,,,,F02
Pc D_TPC_T0_121121,R3,27c,PcD,T0,1552,1,1552,,,,,F03
Pc D_TPC_T0_121121,R1,29c,PcD,T0,482,1,482,,,,,G01
Pc D_TPC_T0_121121,R2,29c,PcD,T0,478,1,478,,,,,G02
Pc D_TPC_T0_121121,R3,29c,PcD,T0,485,1,485,,,,,G03
Pc D_TPC_T0_121121,R1,30c,PcD,T0,489,1,489,,,,,H01
Pc D_TPC_T0_121121,R2,30c,PcD,T0,496,1,496,,,,,H02
Pc D_TPC_T0_121121,R3,30c,PcD,T0,459,1,459,,,,,H03
Pc D_TPC_T1_131121,R1,15c,PcD,T1,2105,1,2105,,,,,A01
Pc D_TPC_T1_131121,R2,15c,PcD,T1,2162,1,2162,,,,,A02
Pc D_TPC_T1_131121,R3,15c,PcD,T1,2412,1,2412,,,,,A03
Pc D_TPC_T1_131121,R1,18c,PcD,T1,2414,1,2414,,,,,B01
Pc D_TPC_T1_131121,R2,18c,PcD,T1,2399,1,2399,,,,,B02
Pc D_TPC_T1_131121,R3,18c,PcD,T1,2406,1,2406,,,,,B03
Pc D_TPC_T1_131121,R1,20c,PcD,T1,2568,1,2568,,,,,C01
Pc D_TPC_T1_131121,R2,20c,PcD,T1,2547,1,2547,,,,,C02
Pc D_TPC_T1_131121,R3,20c,PcD,T1,2590,1,2590,,,,,C03
Pc D_TPC_T1_131121,R1,23c,PcD,T1,1994,1,1994,,,,,D02
Pc D_TPC_T1_131121,R2,23c,PcD,T1,2255,1,2255,,,,,D02
Pc D_TPC_T1_131121,R3,23c,PcD,T1,1594,1,1594,,,,,D03
Pc D_TPC_T1_131121,R1,25c,PcD,T1,2698,1,2698,,,,,E01
Pc D_TPC_T1_131121,R2,25c,PcD,T1,2608,1,2608,,,,,E02
Pc D_TPC_T1_131121,R3,25c,PcD,T1,2583,1,2583,,,,,E03
Pc D_TPC_T1_131121,R1,27c,PcD,T1,1674,1,1674,,,,,F01
Pc D_TPC_T1_131121,R2,27c,PcD,T1,1688,1,1688,,,,,F02
Pc D_TPC_T1_131121,R3,27c,PcD,T1,1640,1,1640,,,,,F03
Pc D_TPC_T1_131121,R1,29c,PcD,T1,537,1,537,,,,,G01
Pc D_TPC_T1_131121,R2,29c,PcD,T1,509,1,509,,,,,G02
Pc D_TPC_T1_131121,R3,29c,PcD,T1,485,1,485,,,,,G03
Pc D_TPC_T1_131121,R1,30c,PcD,T1,484,1,484,,,,,H01
Pc D_TPC_T1_131121,R2,30c,PcD,T1,470,1,470,,,,,H02
Pc D_TPC_T1_131121,R3,30c,PcD,T1,469,1,469,,,,,H03
Pc D_TPC_T2_141121,R1,15c,PcD,T2,2473,1,2473,,,,,A01
Pc D_TPC_T2_141121,R2,15c,PcD,T2,2621,1,2621,,,,,A02
Pc D_TPC_T2_141121,R3,15c,PcD,T2,2725,1,2725,,,,,A03
Pc D_TPC_T2_141121,R1,18c,PcD,T2,2971,1,2971,,,,,B01
Pc D_TPC_T2_141121,R2,18c,PcD,T2,3050,1,3050,,,,,B02
Pc D_TPC_T2_141121,R3,18c,PcD,T2,3200,1,3200,,,,,B03
Pc D_TPC_T2_141121,R1,20c,PcD,T2,3573,1,3573,,,,,C01
Pc D_TPC_T2_141121,R2,20c,PcD,T2,3492,1,3492,,,,,C02
Pc D_TPC_T2_141121,R3,20c,PcD,T2,3477,1,3477,,,,,C03
Pc D_TPC_T2_141121,R1,23c,PcD,T2,2451,1,2451,,,,,D02
Pc D_TPC_T2_141121,R2,23c,PcD,T2,2669,1,2669,,,,,D02
Pc D_TPC_T2_141121,R3,23c,PcD,T2,1814,1,1814,,,,,D03
Pc D_TPC_T2_141121,R1,25c,PcD,T2,3856,1,3856,,,,,E01
Pc D_TPC_T2_141121,R2,25c,PcD,T2,3772,1,3772,,,,,E02
Pc D_TPC_T2_141121,R3,25c,PcD,T2,3587,1,3587,,,,,E03
Pc D_TPC_T2_141121,R1,27c,PcD,T2,1757,1,1757,,,,,F01
Pc D_TPC_T2_141121,R2,27c,PcD,T2,1849,1,1849,,,,,F02
Pc D_TPC_T2_141121,R3,27c,PcD,T2,1767,1,1767,,,,,F03
Pc D_TPC_T2_141121,R1,29c,PcD,T2,488,1,488,,,,,G01
Pc D_TPC_T2_141121,R2,29c,PcD,T2,525,1,525,,,,,G02
Pc D_TPC_T2_141121,R3,29c,PcD,T2,436,1,436,,,,,G03
Pc D_TPC_T2_141121,R1,30c,PcD,T2,442,1,442,,,,,H01
Pc D_TPC_T2_141121,R2,30c,PcD,T2,474,1,474,,,,,H02
Pc D_TPC_T2_141121,R3,30c,PcD,T2,552,1,552,,,,,H03
Pc D_TPC_T3_151121,R1,15c,PcD,T3,2948,1,2948,,,,,A01
Pc D_TPC_T3_151121,R2,15c,PcD,T3,2992,1,2992,,,,,A02
Pc D_TPC_T3_151121,R3,15c,PcD,T3,3074,1,3074,,,,,A03
Pc D_TPC_T3_151121,R1,18c,PcD,T3,3662,1,3662,,,,,B01
Pc D_TPC_T3_151121,R2,18c,PcD,T3,3616,1,3616,,,,,B02
Pc D_TPC_T3_151121,R3,18c,PcD,T3,3801,1,3801,,,,,B03
Pc D_TPC_T3_151121,R1,20c,PcD,T3,4352,1,4352,,,,,C01
Pc D_TPC_T3_151121,R2,20c,PcD,T3,4505,1,4505,,,,,C02
Pc D_TPC_T3_151121,R3,20c,PcD,T3,4669,1,4669,,,,,C03
Pc D_TPC_T3_151121,R1,23c,PcD,T3,3264,1,3264,,,,,D02
Pc D_TPC_T3_151121,R2,23c,PcD,T3,3877,1,3877,,,,,D02
Pc D_TPC_T3_151121,R3,23c,PcD,T3,2313,1,2313,,,,,D03
Pc D_TPC_T3_151121,R1,25c,PcD,T3,5238,1,5238,,,,,E01
Pc D_TPC_T3_151121,R2,25c,PcD,T3,5423,1,5423,,,,,E02
Pc D_TPC_T3_151121,R3,25c,PcD,T3,4923,1,4923,,,,,E03
Pc D_TPC_T3_151121,R1,27c,PcD,T3,1987,1,1987,,,,,F01
Pc D_TPC_T3_151121,R2,27c,PcD,T3,2090,1,2090,,,,,F02
Pc D_TPC_T3_151121,R3,27c,PcD,T3,2105,1,2105,,,,,F03
Pc D_TPC_T3_151121,R1,29c,PcD,T3,523,1,523,,,,,G01
Pc D_TPC_T3_151121,R2,29c,PcD,T3,472,1,472,,,,,G02
Pc D_TPC_T3_151121,R3,29c,PcD,T3,476,1,476,,,,,G03
Pc D_TPC_T3_151121,R1,30c,PcD,T3,458,1,458,,,,,H01
Pc D_TPC_T3_151121,R2,30c,PcD,T3,459,1,459,,,,,H02
Pc D_TPC_T4_161121,R1,15c,PcD,T4,4116,1,4116,,,,,A01
Pc D_TPC_T4_161121,R2,15c,PcD,T4,4235,1,4235,,,,,A02
Pc D_TPC_T4_161121,R3,15c,PcD,T4,4020,1,4020,,,,,A03
Pc D_TPC_T4_161121,R1,18c,PcD,T4,5545,1,5545,,,,,B01
Pc D_TPC_T4_161121,R2,18c,PcD,T4,5575,1,5575,,,,,B02
Pc D_TPC_T4_161121,R3,18c,PcD,T4,5650,1,5650,,,,,B03
Pc D_TPC_T4_161121,R1,20c,PcD,T4,6882,1,6882,,,,,C01
Pc D_TPC_T4_161121,R2,20c,PcD,T4,7331,1,7331,,,,,C02
Pc D_TPC_T4_161121,R3,20c,PcD,T4,7242,1,7242,,,,,C03
Pc D_TPC_T4_161121,R1,23c,PcD,T4,5412,1,5412,,,,,D02
Pc D_TPC_T4_161121,R2,23c,PcD,T4,6230,1,6230,,,,,D02
Pc D_TPC_T4_161121,R3,23c,PcD,T4,3751,1,3751,,,,,D03
Pc D_TPC_T4_161121,R1,25c,PcD,T4,9097,1,9097,,,,,E01
Pc D_TPC_T4_161121,R2,25c,PcD,T4,8981,1,8981,,,,,E02
Pc D_TPC_T4_161121,R3,25c,PcD,T4,8110,1,8110,,,,,E03
Pc D_TPC_T4_161121,R1,27c,PcD,T4,2089,1,2089,,,,,F01
Pc D_TPC_T4_161121,R2,27c,PcD,T4,2328,1,2328,,,,,F02
Pc D_TPC_T4_161121,R3,27c,PcD,T4,2349,1,2349,,,,,F03
Pc D_TPC_T4_161121,R1,29c,PcD,T4,NA,1,#VALUE!,,,,,G01
Pc D_TPC_T4_161121,R2,29c,PcD,T4,NA,1,#VALUE!,,,,,G02
Pc D_TPC_T4_161121,R3,29c,PcD,T4,NA,1,#VALUE!,,,,,G03
Pc D_TPC_T4_161121,R1,30c,PcD,T4,NA,1,#VALUE!,,,,,H01
Pc D_TPC_T4_161121,R2,30c,PcD,T4,NA,1,#VALUE!,,,,,H02
Pc D_TPC_T4_161121,R3,30c,PcD,T4,NA,1,#VALUE!,,,,,H03
Pc D_TPC_T5_171121,R1,15c,PcD,T5,5671,1,5671,,,,,A01
Pc D_TPC_T5_171121,R2,15c,PcD,T5,5788,1,5788,,,,,A02
Pc D_TPC_T5_171121,R3,15c,PcD,T5,5669,1,5669,,,,,A03
Pc D_TPC_T5_171121,R1,18c,PcD,T5,8919,1,8919,,,,,B01
Pc D_TPC_T5_171121,R2,18c,PcD,T5,9269,1,9269,,,,,B02
Pc D_TPC_T5_171121,R3,18c,PcD,T5,9260,1,9260,,,,,B03
Pc D_TPC_T5_171121,R1,20c,PcD,T5,11258,1,11258,,,,,C01
Pc D_TPC_T5_171121,R2,20c,PcD,T5,11593,1,11593,,,,,C02
Pc D_TPC_T5_171121,R3,20c,PcD,T5,12739,1,12739,,,,,C03
Pc D_TPC_T5_171121,R1,23c,PcD,T5,10627,1,10627,,,,,D02
Pc D_TPC_T5_171121,R2,23c,PcD,T5,11588,1,11588,,,,,D02
Pc D_TPC_T5_171121,R3,23c,PcD,T5,6490,1,6490,,,,,D03
Pc D_TPC_T5_171121,R1,25c,PcD,T5,16025,1,16025,,,,,E01
Pc D_TPC_T5_171121,R2,25c,PcD,T5,16355,1,16355,,,,,E02
Pc D_TPC_T5_171121,R3,25c,PcD,T5,15041,1,15041,,,,,E03
Pc D_TPC_T5_171121,R1,27c,PcD,T5,2446,1,2446,,,,,F01
Pc D_TPC_T5_171121,R2,27c,PcD,T5,2480,1,2480,,,,,F02
Pc D_TPC_T5_171121,R3,27c,PcD,T5,2490,1,2490,,,,,F03
Pc D_TPC_T5_171121,R1,29c,PcD,T5,544,1,544,,,,,G01
Pc D_TPC_T5_171121,R2,29c,PcD,T5,561,1,561,,,,,G02
Pc D_TPC_T5_171121,R3,29c,PcD,T5,549,1,549,,,,,G03
Pc D_TPC_T5_171121,R1,30c,PcD,T5,532,1,532,,,,,H01
Pc D_TPC_T5_171121,R2,30c,PcD,T5,586,1,586,,,,,H02
Pc D_TPC_T5_171121,R3,30c,PcD,T5,564,1,564,,,,,H03
Pc D_TPC_T6_181121,R1,15c,PcD,T6,6987,1,6987,,,,,A01
Pc D_TPC_T6_181121,R2,15c,PcD,T6,6810,1,6810,,,,,A02
Pc D_TPC_T6_181121,R3,15c,PcD,T6,6616,1,6616,,,,,A03
Pc D_TPC_T6_181121,R1,18c,PcD,T6,11710,1,11710,,,,,B01
Pc D_TPC_T6_181121,R2,18c,PcD,T6,11974,1,11974,,,,,B02
Pc D_TPC_T6_181121,R3,18c,PcD,T6,11330,1,11330,,,,,B03
Pc D_TPC_T6_181121,R1,20c,PcD,T6,15894,1,15894,,,,,C01
Pc D_TPC_T6_181121,R2,20c,PcD,T6,16059,1,16059,,,,,C02
Pc D_TPC_T6_181121,R3,20c,PcD,T6,15984,1,15984,,,,,C03
Pc D_TPC_T6_181121,R1,23c,PcD,T6,15081,1,15081,,,,,D02
Pc D_TPC_T6_181121,R2,23c,PcD,T6,16476,1,16476,,,,,D02
Pc D_TPC_T6_181121,R3,23c,PcD,T6,9591,1,9591,,,,,D03
Pc D_TPC_T6_181121,R1,25c,PcD,T6,22723,1,22723,,,,,E01
Pc D_TPC_T6_181121,R2,25c,PcD,T6,21974,1,21974,,,,,E02
Pc D_TPC_T6_181121,R3,25c,PcD,T6,21171,1,21171,,,,,E03
Pc D_TPC_T6_181121,R1,27c,PcD,T6,2655,1,2655,,,,,F01
Pc D_TPC_T6_181121,R2,27c,PcD,T6,2585,1,2585,,,,,F02
Pc D_TPC_T6_181121,R3,27c,PcD,T6,2752,1,2752,,,,,F03
Pc D_TPC_T6_181121,R1,29c,PcD,T6,557,1,557,,,,,G01
Pc D_TPC_T6_181121,R2,29c,PcD,T6,586,1,586,,,,,G02
Pc D_TPC_T6_181121,R3,29c,PcD,T6,633,1,633,,,,,G03
Pc D_TPC_T6_181121,R1,30c,PcD,T6,599,1,599,,,,,H01
Pc D_TPC_T6_181121,R2,30c,PcD,T6,559,1,559,,,,,H02
Pc D_TPC_T6_181121,R3,30c,PcD,T6,526,1,526,,,,,H03
Pc D_TPC_T7_191121,R1,15c,PcD,T7,6082,1,6082,,,,,A01
Pc D_TPC_T7_191121,R2,15c,PcD,T7,5588,1,5588,,,,,A02
Pc D_TPC_T7_191121,R3,15c,PcD,T7,6261,1,6261,,,,,A03
Pc D_TPC_T7_191121,R1,18c,PcD,T7,15727,1,15727,,,,,B01
Pc D_TPC_T7_191121,R2,18c,PcD,T7,15695,1,15695,,,,,B02
Pc D_TPC_T7_191121,R3,18c,PcD,T7,15504,1,15504,,,,,B03
Pc D_TPC_T7_191121,R1,20c,PcD,T7,15315,1,15315,,,,,C01
Pc D_TPC_T7_191121,R2,20c,PcD,T7,22559,1,22559,,,,,C02
Pc D_TPC_T7_191121,R3,20c,PcD,T7,25698,1,25698,,,,,C03
Pc D_TPC_T7_191121,R1,23c,PcD,T7,26914,1,26914,,,,,D02
Pc D_TPC_T7_191121,R2,23c,PcD,T7,29159,1,29159,,,,,D02
Pc D_TPC_T7_191121,R3,23c,PcD,T7,15944,1,15944,,,,,D03
Pc D_TPC_T7_191121,R1,25c,PcD,T7,36860,1,36860,,,,,E01
Pc D_TPC_T7_191121,R2,25c,PcD,T7,34687,1,34687,,,,,E02
Pc D_TPC_T7_191121,R3,25c,PcD,T7,35055,1,35055,,,,,E03
Pc D_TPC_T7_191121,R1,27c,PcD,T7,3037,1,3037,,,,,F01
Pc D_TPC_T7_191121,R2,27c,PcD,T7,2989,1,2989,,,,,F02
Pc D_TPC_T7_191121,R3,27c,PcD,T7,2884,1,2884,,,,,F03
Pc D_TPC_T7_191121,R1,29c,PcD,T7,577,1,577,,,,,G01
Pc D_TPC_T7_191121,R2,29c,PcD,T7,572,1,572,,,,,G02
Pc D_TPC_T7_191121,R3,29c,PcD,T7,557,1,557,,,,,G03
Pc D_TPC_T7_191121,R1,30c,PcD,T7,410,1,410,,,,,H01
Pc D_TPC_T7_191121,R2,30c,PcD,T7,560,1,560,,,,,H02
Pc D_TPC_T7_191121,R3,30c,PcD,T7,564,1,564,,,,,H03
Pc D_TPC_T8_201121,R1,15c,PcD,T8,11185,1,11185,,,,,A01
Pc D_TPC_T8_201121,R2,15c,PcD,T8,10670,1,10670,,,,,A02
Pc D_TPC_T8_201121,R3,15c,PcD,T8,10341,1,10341,,,,,A03
Pc D_TPC_T8_201121,R1,18c,PcD,T8,22387,1,22387,,,,,B01
Pc D_TPC_T8_201121,R2,18c,PcD,T8,24161,1,24161,,,,,B02
Pc D_TPC_T8_201121,R3,18c,PcD,T8,22848,1,22848,,,,,B03
Pc D_TPC_T8_201121,R1,20c,PcD,T8,33527,1,33527,,,,,C01
Pc D_TPC_T8_201121,R2,20c,PcD,T8,33241,1,33241,,,,,C02
Pc D_TPC_T8_201121,R3,20c,PcD,T8,34482,1,34482,,,,,C03
Pc D_TPC_T8_201121,R1,23c,PcD,T8,35141,1,35141,,,,,D02
Pc D_TPC_T8_201121,R2,23c,PcD,T8,39527,1,39527,,,,,D02
Pc D_TPC_T8_201121,R3,23c,PcD,T8,22368,1,22368,,,,,D03
Pc D_TPC_T8_201121,R1,25c,PcD,T8,50419,1,50419,,,,,E01
Pc D_TPC_T8_201121,R2,25c,PcD,T8,49738,1,49738,,,,,E02
Pc D_TPC_T8_201121,R3,25c,PcD,T8,46820,1,46820,,,,,E03
Pc D_TPC_T8_201121,R1,27c,PcD,T8,3275,1,3275,,,,,F01
Pc D_TPC_T8_201121,R2,27c,PcD,T8,3183,1,3183,,,,,F02
Pc D_TPC_T8_201121,R3,27c,PcD,T8,3267,1,3267,,,,,F03
Pc D_TPC_T8_201121,R1,29c,PcD,T8,591,1,591,,,,,G01
Pc D_TPC_T8_201121,R2,29c,PcD,T8,571,1,571,,,,,G02
Pc D_TPC_T8_201121,R3,29c,PcD,T8,573,1,573,,,,,G03
Pc D_TPC_T8_201121,R1,30c,PcD,T8,601,1,601,,,,,H01
Pc D_TPC_T8_201121,R2,30c,PcD,T8,543,1,543,,,,,H02
Pc D_TPC_T8_201121,R3,30c,PcD,T8,543,1,543,,,,,H03
Pc D_TPC_T9_211121,R1,15c,PcD,T9,19786,1,19786,,,,,A01
Pc D_TPC_T9_211121,R2,15c,PcD,T9,20236,1,20236,,,,,A02
Pc D_TPC_T9_211121,R3,15c,PcD,T9,19609,1,19609,,,,,A03
Pc D_TPC_T9_211121,R1,18c,PcD,T9,45887,1,45887,,,,,B01
Pc D_TPC_T9_211121,R2,18c,PcD,T9,46808,1,46808,,,,,B02
Pc D_TPC_T9_211121,R3,18c,PcD,T9,44426,1,44426,,,,,B03
Pc D_TPC_T9_211121,R1,20c,PcD,T9,73300,1,73300,,,,,C01
Pc D_TPC_T9_211121,R2,20c,PcD,T9,73662,1,73662,,,,,C02
Pc D_TPC_T9_211121,R3,20c,PcD,T9,77642,1,77642,,,,,C03
Pc D_TPC_T9_211121,R1,23c,PcD,T9,86357,1,86357,,,,,D02
Pc D_TPC_T9_211121,R2,23c,PcD,T9,95491,1,95491,,,,,D02
Pc D_TPC_T9_211121,R3,23c,PcD,T9,55708,1,55708,,,,,D03
Pc D_TPC_T9_211121,R1,25c,PcD,T9,112592,1,112592,,,,,E01
Pc D_TPC_T9_211121,R2,25c,PcD,T9,110143,1,110143,,,,,E02
Pc D_TPC_T9_211121,R3,25c,PcD,T9,106870,1,106870,,,,,E03
Pc D_TPC_T9_211121,R1,27c,PcD,T9,4397,1,4397,,,,,F01
Pc D_TPC_T9_211121,R2,27c,PcD,T9,4031,1,4031,,,,,F02
Pc D_TPC_T9_211121,R3,27c,PcD,T9,4326,1,4326,,,,,F03
Pc D_TPC_T9_211121,R1,29c,PcD,T9,532,1,532,,,,,G01
Pc D_TPC_T9_211121,R2,29c,PcD,T9,551,1,551,,,,,G02
Pc D_TPC_T9_211121,R3,29c,PcD,T9,600,1,600,,,,,G03
Pc D_TPC_T9_211121,R1,30c,PcD,T9,566,1,566,,,,,H01
Pc D_TPC_T9_211121,R2,30c,PcD,T9,696,1,696,,,,,H02
Pc D_TPC_T9_211121,R3,30c,PcD,T9,572,1,572,,,,,H03
Pc D_TPC_T10_221121,R1,15c,PcD,T10,22966,1,22966,,,,,A01
Pc D_TPC_T10_221121,R2,15c,PcD,T10,23453,1,23453,,,,,A02
Pc D_TPC_T10_221121,R3,15c,PcD,T10,23621,1,23621,,,,,A03
Pc D_TPC_T10_221121,R1,18c,PcD,T10,61162,1,61162,,,,,B01
Pc D_TPC_T10_221121,R2,18c,PcD,T10,63575,1,63575,,,,,B02
Pc D_TPC_T10_221121,R3,18c,PcD,T10,61326,1,61326,,,,,B03
Pc D_TPC_T10_221121,R1,20c,PcD,T10,11027,10,110270,,,,,C01
Pc D_TPC_T10_221121,R2,20c,PcD,T10,11252,10,112520,,,,,C02
Pc D_TPC_T10_221121,R3,20c,PcD,T10,11674,10,116740,,,,,C03
Pc D_TPC_T10_221121,R1,23c,PcD,T10,14012,10,140120,,,,,D02
Pc D_TPC_T10_221121,R2,23c,PcD,T10,15564,10,155640,,,,,D02
Pc D_TPC_T10_221121,R3,23c,PcD,T10,8987,10,89870,,,,,D03
Pc D_TPC_T10_221121,R1,25c,PcD,T10,17406,10,174060,,,,,E01
Pc D_TPC_T10_221121,R2,25c,PcD,T10,17384,10,173840,,,,,E02
Pc D_TPC_T10_221121,R3,25c,PcD,T10,17346,10,173460,,,,,E03
Pc D_TPC_T10_221121,R1,27c,PcD,T10,4773,1,4773,,,,,F01
Pc D_TPC_T10_221121,R2,27c,PcD,T10,4462,1,4462,,,,,F02
Pc D_TPC_T10_221121,R3,27c,PcD,T10,4821,1,4821,,,,,F03
Pc D_TPC_T10_221121,R1,29c,PcD,T10,532,1,532,,,,,G01
Pc D_TPC_T10_221121,R2,29c,PcD,T10,565,1,565,,,,,G02
Pc D_TPC_T10_221121,R3,29c,PcD,T10,548,1,548,,,,,G03
Pc D_TPC_T10_221121,R1,30c,PcD,T10,557,1,557,,,,,H01
Pc D_TPC_T10_221121,R2,30c,PcD,T10,543,1,543,,,,,H02
Pc D_TPC_T10_221121,R3,30c,PcD,T10,567,1,567,,,,,H03
Pc D_TPC_T11_231121,R1,15c,PcD,T11,29279,1,29279,,,,,A01
Pc D_TPC_T11_231121,R2,15c,PcD,T11,29118,1,29118,,,,,A02
Pc D_TPC_T11_231121,R3,15c,PcD,T11,28022,1,28022,,,,,A03
Pc D_TPC_T11_231121,R1,18c,PcD,T11,81638,1,81638,,,,,B01
Pc D_TPC_T11_231121,R2,18c,PcD,T11,81715,1,81715,,,,,B02
Pc D_TPC_T11_231121,R3,18c,PcD,T11,81766,1,81766,,,,,B03
Pc D_TPC_T11_231121,R1,20c,PcD,T11,14778,10,147780,,,,,C01
Pc D_TPC_T11_231121,R2,20c,PcD,T11,15294,10,152940,,,,,C02
Pc D_TPC_T11_231121,R3,20c,PcD,T11,15813,10,158130,,,,,C03
Pc D_TPC_T11_231121,R1,23c,PcD,T11,21967,10,219670,,,,,D02
Pc D_TPC_T11_231121,R2,23c,PcD,T11,23501,10,235010,,,,,D02
Pc D_TPC_T11_231121,R3,23c,PcD,T11,13677,10,136770,,,,,D03
Pc D_TPC_T11_231121,R1,25c,PcD,T11,23717,10,237170,,,,,E01
Pc D_TPC_T11_231121,R2,25c,PcD,T11,24685,10,246850,,,,,E02
Pc D_TPC_T11_231121,R3,25c,PcD,T11,25499,10,254990,,,,,E03
Pc D_TPC_T11_231121,R1,27c,PcD,T11,5795,1,5795,,,,,F01
Pc D_TPC_T11_231121,R2,27c,PcD,T11,"5,179",1,5179,,,,,F02
Pc D_TPC_T11_231121,R3,27c,PcD,T11,"5,487",1,5487,,,,,F03
Pc D_TPC_T11_231121,R1,29c,PcD,T11,564,1,564,,,,,G01
Pc D_TPC_T11_231121,R2,29c,PcD,T11,529,1,529,,,,,G02
Pc D_TPC_T11_231121,R3,29c,PcD,T11,617,1,617,,,,,G03
Pc D_TPC_T11_231121,R1,30c,PcD,T11,601,1,601,,,,,H01
Pc D_TPC_T11_231121,R2,30c,PcD,T11,525,1,525,,,,,H02
Pc D_TPC_T11_231121,R3,30c,PcD,T11,543,1,543,,,,,H03
Pc D_TPC_T12_241121,R1,15c,PcD,T12,35072,1,35072,,,,,A01
Pc D_TPC_T12_241121,R2,15c,PcD,T12,34513,1,34513,,,,,A02
Pc D_TPC_T12_241121,R3,15c,PcD,T12,32641,1,32641,,,,,A03
Pc D_TPC_T12_241121,R1,18c,PcD,T12,118720,1,118720,,,,,B01
Pc D_TPC_T12_241121,R2,18c,PcD,T12,117367,1,117367,,,,,B02
Pc D_TPC_T12_241121,R3,18c,PcD,T12,117986,1,117986,,,,,B03
Pc D_TPC_T12_241121,R1,20c,PcD,T12,21611,10,216110,,,,,C01
Pc D_TPC_T12_241121,R2,20c,PcD,T12,20147,10,201470,,,,,C02
Pc D_TPC_T12_241121,R3,20c,PcD,T12,21389,10,213890,,,,,C03
Pc D_TPC_T12_241121,R1,23c,PcD,T12,34108,10,341080,,,,,D02
Pc D_TPC_T12_241121,R2,23c,PcD,T12,33872,10,338720,,,,,D02
Pc D_TPC_T12_241121,R3,23c,PcD,T12,20221,10,202205,,,,,D03
Pc D_TPC_T12_241121,R1,25c,PcD,T12,37879,10,378790,,,,,E01
Pc D_TPC_T12_241121,R2,25c,PcD,T12,36024,10,360235,,,,,E02
Pc D_TPC_T12_241121,R3,25c,PcD,T12,35173,10,351730,,,,,E03
Pc D_TPC_T12_241121,R1,27c,PcD,T12,"7,464",1,7464,,,,,F01
Pc D_TPC_T12_241121,R2,27c,PcD,T12,"5,972",1,5972,,,,,F02
Pc D_TPC_T12_241121,R3,27c,PcD,T12,"6,055",1,6055,,,,,F03
Pc D_TPC_T12_241121,R1,29c,PcD,T12,532,1,532,,,,,G01
Pc D_TPC_T12_241121,R2,29c,PcD,T12,551,1,551,,,,,G02
Pc D_TPC_T12_241121,R3,29c,PcD,T12,600,1,600,,,,,G03
Pc D_TPC_T12_241121,R1,30c,PcD,T12,566,1,566,,,,,H01
Pc D_TPC_T12_241121,R2,30c,PcD,T12,696,1,696,,,,,H02
Pc D_TPC_T12_241121,R3,30c,PcD,T12,572,1,572,,,,,H03
Pc D_TPC_T13_251121,R1,15c,PcD,T13,39736,1,39736,,,,,A01
Pc D_TPC_T13_251121,R2,15c,PcD,T13,38550,1,38550,,,,,A02
Pc D_TPC_T13_251121,R3,15c,PcD,T13,43330,1,43330,,,,,A03
Pc D_TPC_T13_251121,R1,18c,PcD,T13,18714,10,187140,,,,,B01
Pc D_TPC_T13_251121,R2,18c,PcD,T13,19148,10,191480,,,,,B02
Pc D_TPC_T13_251121,R3,18c,PcD,T13,18376,10,183760,,,,,B03
Pc D_TPC_T13_251121,R1,20c,PcD,T13,35331,10,353310,,,,,C01
Pc D_TPC_T13_251121,R2,20c,PcD,T13,33975,10,339750,,,,,C02
Pc D_TPC_T13_251121,R3,20c,PcD,T13,35996,10,359960,,,,,C03
Pc D_TPC_T13_251121,R1,23c,PcD,T13,54038,10,540380,,,,,D02
Pc D_TPC_T13_251121,R2,23c,PcD,T13,56365,10,563650,,,,,D02
Pc D_TPC_T13_251121,R3,23c,PcD,T13,36984,10,369840,,,,,D03
Pc D_TPC_T13_251121,R1,25c,PcD,T13,55029,10,550290,,,,,E01
Pc D_TPC_T13_251121,R2,25c,PcD,T13,55326,10,553260,,,,,E02
Pc D_TPC_T13_251121,R3,25c,PcD,T13,59801,10,598010,,,,,E03
Pc D_TPC_T13_251121,R1,27c,PcD,T13,10519,1,10519,,,,,F01
Pc D_TPC_T13_251121,R2,27c,PcD,T13,9229,1,9229,,,,,F02
Pc D_TPC_T13_251121,R3,27c,PcD,T13,8965,1,8965,,,,,F03
Pc D_TPC_T13_251121,R1,29c,PcD,T13,536,1,536,,,,,G01
Pc D_TPC_T13_251121,R2,29c,PcD,T13,546,1,546,,,,,G02
Pc D_TPC_T13_251121,R3,29c,PcD,T13,610,1,610,,,,,G03
Pc D_TPC_T13_251121,R1,30c,PcD,T13,566,1,566,,,,,H01
Pc D_TPC_T13_251121,R2,30c,PcD,T13,696,1,696,,,,,H02
Pc D_TPC_T13_251121,R3,30c,PcD,T13,572,1,572,,,,,H03
Pc D_TPC_T14_261121,R1,15c,PcD,T14,39261,1,39261,,,,,A01
Pc D_TPC_T14_261121,R2,15c,PcD,T14,51848,1,51848,,,,,A02
Pc D_TPC_T14_261121,R3,15c,PcD,T14,57125,1,57125,,,,,A03
Pc D_TPC_T14_261121,R1,18c,PcD,T14,32783,10,327830,,,,,B01
Pc D_TPC_T14_261121,R2,18c,PcD,T14,33629,10,336290,,,,,B02
Pc D_TPC_T14_261121,R3,18c,PcD,T14,31329,10,313290,,,,,B03
Pc D_TPC_T14_261121,R1,20c,PcD,T14,60576,10,605760,,,,,C01
Pc D_TPC_T14_261121,R2,20c,PcD,T14,55555,10,555550,,,,,C02
Pc D_TPC_T14_261121,R3,20c,PcD,T14,59120,10,591200,,,,,C03
Pc D_TPC_T14_261121,R1,23c,PcD,T14,71387,10,713870,,,,,D02
Pc D_TPC_T14_261121,R2,23c,PcD,T14,67382,10,673820,,,,,D02
Pc D_TPC_T14_261121,R3,23c,PcD,T14,65543,10,655430,,,,,D03
Pc D_TPC_T14_261121,R1,25c,PcD,T14,65933,10,659330,,,,,E01
Pc D_TPC_T14_261121,R2,25c,PcD,T14,62824,10,628240,,,,,E02
Pc D_TPC_T14_261121,R3,25c,PcD,T14,71124,10,711240,,,,,E03
Pc D_TPC_T14_261121,R1,27c,PcD,T14,15203,1,15203,,,,,F01
Pc D_TPC_T14_261121,R2,27c,PcD,T14,12201,1,12201,,,,,F02
Pc D_TPC_T14_261121,R3,27c,PcD,T14,13143,1,13143,,,,,F03
Pc D_TPC_T14_261121,R1,29c,PcD,T14,646,1,646,,,,,G01
Pc D_TPC_T14_261121,R2,29c,PcD,T14,610,1,610,,,,,G02
Pc D_TPC_T14_261121,R3,29c,PcD,T14,617,1,617,,,,,G03
Pc D_TPC_T14_261121,R1,30c,PcD,T14,651,1,651,,,,,H01
Pc D_TPC_T14_261121,R2,30c,PcD,T14,599,1,599,,,,,H02
Pc D_TPC_T14_261121,R3,30c,PcD,T14,650,1,650,,,,,H03
Pc D_TPC_T15_271121,R1,15c,PcD,T15,7226,10,72260,,,,,A01
Pc D_TPC_T15_271121,R2,15c,PcD,T15,7394,10,73940,,,,,A02
Pc D_TPC_T15_271121,R3,15c,PcD,T15,8995,10,89950,,,,,A03
Pc D_TPC_T15_271121,R1,18c,PcD,T15,52510,10,525100,,,,,B01
Pc D_TPC_T15_271121,R2,18c,PcD,T15,50029,10,500290,,,,,B02
Pc D_TPC_T15_271121,R3,18c,PcD,T15,48444,10,484440,,,,,B03
Pc D_TPC_T15_271121,R1,20c,PcD,T15,67768,10,677680,,,,,C01
Pc D_TPC_T15_271121,R2,20c,PcD,T15,59910,10,599100,,,,,C02
Pc D_TPC_T15_271121,R3,20c,PcD,T15,67991,10,679910,,,,,C03
Pc D_TPC_T15_271121,R1,23c,PcD,T15,7150,10,71500,,,,,D02
Pc D_TPC_T15_271121,R2,23c,PcD,T15,6657,10,66570,,,,,D02
Pc D_TPC_T15_271121,R3,23c,PcD,T15,7459,10,74590,,,,,D03
Pc D_TPC_T15_271121,R1,25c,PcD,T15,6111,10,61110,,,,,E01
Pc D_TPC_T15_271121,R2,25c,PcD,T15,6835,10,68350,,,,,E02
Pc D_TPC_T15_271121,R3,25c,PcD,T15,7463,10,74630,,,,,E03
Pc D_TPC_T15_271121,R1,27c,PcD,T15,26879,1,26879,,,,,F01
Pc D_TPC_T15_271121,R2,27c,PcD,T15,21540,1,21540,,,,,F02
Pc D_TPC_T15_271121,R3,27c,PcD,T15,22967,1,22967,,,,,F03
Pc D_TPC_T15_271121,R1,29c,PcD,T15,652,1,652,,,,,G01
Pc D_TPC_T15_271121,R2,29c,PcD,T15,633,1,633,,,,,G02
Pc D_TPC_T15_271121,R3,29c,PcD,T15,642,1,642,,,,,G03
Pc D_TPC_T15_271121,R1,30c,PcD,T15,646,1,646,,,,,H01
Pc D_TPC_T15_271121,R2,30c,PcD,T15,634,1,634,,,,,H02
Pc D_TPC_T15_271121,R3,30c,PcD,T15,585,1,585,,,,,H03
Pc D_TPC_T16_281121,R1,15c,PcD,T16,69740,1,69740,,,,,A01
Pc D_TPC_T16_281121,R2,15c,PcD,T16,73469,1,73469,,,,,A02
Pc D_TPC_T16_281121,R3,15c,PcD,T16,97937,1,97937,,,,,A03
Pc D_TPC_T16_281121,R1,18c,PcD,T16,61296,10,612960,,,,,B01
Pc D_TPC_T16_281121,R2,18c,PcD,T16,52998,10,529980,,,,,B02
Pc D_TPC_T16_281121,R3,18c,PcD,T16,52440,10,524400,,,,,B03
Pc D_TPC_T16_281121,R1,20c,PcD,T16,6786,10,67860,,,,,C01
Pc D_TPC_T16_281121,R2,20c,PcD,T16,5650,10,56500,,,,,C02
Pc D_TPC_T16_281121,R3,20c,PcD,T16,6493,10,64930,,,,,C03
Pc D_TPC_T16_281121,R1,23c,PcD,T16,5795,10,57950,,,,,D02
Pc D_TPC_T16_281121,R2,23c,PcD,T16,5738,10,57380,,,,,D02
Pc D_TPC_T16_281121,R3,23c,PcD,T16,6328,10,63280,,,,,D03
Pc D_TPC_T16_281121,R1,25c,PcD,T16,5993,10,59930,,,,,E01
Pc D_TPC_T16_281121,R2,25c,PcD,T16,5577,10,55770,,,,,E02
Pc D_TPC_T16_281121,R3,25c,PcD,T16,6665,10,66650,,,,,E03
Pc D_TPC_T16_281121,R1,27c,PcD,T16,40050,1,40050,,,,,F01
Pc D_TPC_T16_281121,R2,27c,PcD,T16,33394,1,33394,,,,,F02
Pc D_TPC_T16_281121,R3,27c,PcD,T16,35262,1,35262,,,,,F03
Pc D_TPC_T16_281121,R1,29c,PcD,T16,633,1,633,,,,,G01
Pc D_TPC_T16_281121,R2,29c,PcD,T16,627,1,627,,,,,G02
Pc D_TPC_T16_281121,R3,29c,PcD,T16,653,1,653,,,,,G03
Pc D_TPC_T16_281121,R1,30c,PcD,T16,605,1,605,,,,,H01
Pc D_TPC_T16_281121,R2,30c,PcD,T16,568,1,568,,,,,H02
Pc D_TPC_T16_281121,R3,30c,PcD,T16,649,1,649,,,,,H03